來源檔案,工作表,分組,原始列號,編號,匿名代碼,第一輔分,第二輔分,第三輔分,第四輔分,名次,註記,升段(組),第1場,第1場成績,第2場,第2場成績,第3場,第3場成績,第4場,第4場成績,第5場,第5場成績,第6場,第6場成績,勝場
丁組戰績表.xlsx,丁組,丁組,2,1,P599,14,13,0,54,34,,,2,X,39↑,X,7,X,4,O,5,X,,,1
丁組戰績表.xlsx,丁組,丁組,3,2,P147,15,0,0,73,1,加賽,丙組,1,O,3,O,8,O,16,O,41,O,,,5
丁組戰績表.xlsx,丁組,丁組,4,3,P453,13,9,0,60,17,,丙組,4,O,2,X,36↑,X,6,O,7,O,,,3
丁組戰績表.xlsx,丁組,丁組,5,4,P074,7,7,0,52,41,,,3,X,6,X,38↑,X,1,X,空,O,,,1
丁組戰績表.xlsx,丁組,丁組,6,5,P416,10,8,0,67,29,,,6,O,8,X,10,X,37↑,X,1,O,,,2
丁組戰績表.xlsx,丁組,丁組,7,6,P089,11,10,0,53,37,,,5,X,4,O,11,X,3,X,12,X,,,1
丁組戰績表.xlsx,丁組,丁組,8,7,P310,11,8,1,65,27,,,8,X,10,X,1,O,12,O,3,X,,,2
丁組戰績表.xlsx,丁組,丁組,9,8,P350,14,8,0,66,13,,丙組,7,O,5,O,2,X,9,X,10,O,,,3
丁組戰績表.xlsx,丁組,丁組,10,9,P551,17,9,0,70,10,,丙組,10,O,11,O,16,X,8,O,20↑,X,,,3
丁組戰績表.xlsx,丁組,丁組,11,10,P474,13,9,0,64,25,,,9,X,7,O,5,O,11,X,8,X,,,2
丁組戰績表.xlsx,丁組,丁組,12,11,P435,12,7,0,68,19,,丙組,12,O,9,X,6,O,10,O,16,X,,,3
丁組戰績表.xlsx,丁組,丁組,13,12,P566,11,8,0,58,28,,,11,X,14,O,13,X,7,X,6,O,,,2
丁組戰績表.xlsx,丁組,丁組,14,13,P300,14,8,0,67,12,,丙組,14,O,16,X,12,O,18,X,15,O,,,3
丁組戰績表.xlsx,丁組,丁組,15,14,P087,10,7,0,59,31,,,13,X,12,X,17,O,15,X,23,O,,,2
丁組戰績表.xlsx,丁組,丁組,16,15,P582,15,11,0,65,22,,,16,X,17,O,18,X,14,O,13,X,,,2
丁組戰績表.xlsx,丁組,丁組,17,16,P294,16,5,0,73,3,,丙組,15,O,13,O,9,O,2,X,11,O,,,4
丁組戰績表.xlsx,丁組,丁組,18,17,P487,10,8,0,61,30,,,18,X,15,X,14,X,21,O,24,O,,,2
丁組戰績表.xlsx,丁組,丁組,19,18,P559,15,5,0,67,6,,丙組,17,O,20,X,15,O,13,O,22,O,,,4
丁組戰績表.xlsx,丁組,丁組,20,19,P189,13,11,0,58,24,,,20,X,21,O,23,O,22,X,25,X,,,2
丁組戰績表.xlsx,丁組,丁組,21,20,P531,15,0,0,76,2,加賽,丙組,19,O,18,O,22,O,28,O,9↓,O,,,5
丁組戰績表.xlsx,丁組,丁組,22,21,P360,10,9,0,57,39,,,22,X,19,X,26,X,17,X,32↑,O,,,1
丁組戰績表.xlsx,丁組,丁組,23,22,P572,13,9,0,64,16,,丙組,21,O,24,O,20,X,19,O,18,X,,,3
丁組戰績表.xlsx,丁組,丁組,24,23,P359,9,7,0,54,40,,,24,X,26,O,19,X,31,X,14,X,,,1
丁組戰績表.xlsx,丁組,丁組,25,24,P561,11,10,0,52,38,,,23,O,22,X,25,X,26,X,17,X,,,1
丁組戰績表.xlsx,丁組,丁組,26,25,P340,11,6,0,65,20,,丙組,26,O,28,X,24,O,27,X,19,O,,,3
丁組戰績表.xlsx,丁組,丁組,27,26,P113,9,7,0,54,32,,,25,X,23,X,21,O,24,O,29,X,,,2
丁組戰績表.xlsx,丁組,丁組,28,27,P408,14,7,0,59,15,,丙組,28,X,30,O,31,O,25,O,34,X,,,3
丁組戰績表.xlsx,丁組,丁組,29,28,P128,18,9,0,69,9,,丙組,27,O,25,O,29,O,20,X,36,X,,,3
丁組戰績表.xlsx,丁組,丁組,30,29,P122,13,7,0,57,18,,丙組,30,O,31,O,28,X,34,X,26,O,,,3
丁組戰績表.xlsx,丁組,丁組,31,30,P267,8,7,0,52,33,,,29,X,27,X,32,X,空,O,40,O,,,2
丁組戰績表.xlsx,丁組,丁組,32,31,P053,11,9,0,57,26,,,32,O,29,X,27,X,23,O,35,X,,,2
丁組戰績表.xlsx,丁組,丁組,33,32,P001,12,10,0,54,36,,,31,X,34,X,30,O,33,X,21↓,X,,,1
丁組戰績表.xlsx,丁組,丁組,34,33,P366,14,7,0,68,14,,丙組,34,O,36,X,37,X,32,O,38,O,,,3
丁組戰績表.xlsx,丁組,丁組,35,34,P352,11,3,0,66,8,,丙組,33,X,32,O,40,O,29,O,27,O,,,4
丁組戰績表.xlsx,丁組,丁組,36,35,P608,9,6,0,54,21,,丙組,36,X,38,X,空,O,40,O,31,O,,,3
丁組戰績表.xlsx,丁組,丁組,37,36,P218,16,4,0,70,5,,丙組,35,O,33,O,3↓,O,41,X,28,O,,,4
丁組戰績表.xlsx,丁組,丁組,38,37,P246,15,8,0,65,11,,丙組,38,O,41,X,33,O,5↓,O,39,X,,,3
丁組戰績表.xlsx,丁組,丁組,39,38,P548,14,10,0,56,23,,,37,X,35,O,4↓,O,39,X,33,X,,,2
丁組戰績表.xlsx,丁組,丁組,40,39,P667,11,4,0,72,7,,丙組,40,O,1↓,O,41,X,38,O,37,O,,,4
丁組戰績表.xlsx,丁組,丁組,41,40,P223,13,13,0,39,35,,,39,X,空,O,34,X,35,X,30,X,,,1
丁組戰績表.xlsx,丁組,丁組,42,41,P244,16,5,0,57,4,,丙組,空,O,37,O,39,O,36,O,2,X,,,4
三段組戰績表.xlsx,三段組,三段組,2,1,P467,16,0,0,75,1,,四段,2,O,4,O,7,O,12,O,26,O,,,5
三段組戰績表.xlsx,三段組,三段組,3,2,P306,15,12,0,68,14,,,1,X,3,O,26↑,X,5,O,7,X,,,2
三段組戰績表.xlsx,三段組,三段組,4,3,P511,11,10,0,60,25,,,4,X,2,X,22↑,X,8,O,11,X,,,1
三段組戰績表.xlsx,三段組,三段組,5,4,P496,14,9,0,63,9,,,3,O,1,X,5,O,6,O,10,X,,,3
三段組戰績表.xlsx,三段組,三段組,6,5,P539,10,7,0,62,22,,,6,X,8,O,4,X,2,X,19↑,O,,,2
三段組戰績表.xlsx,三段組,三段組,7,6,P029,14,10,0,66,16,,,5,O,7,X,9,O,4,X,24↑,X,,,2
三段組戰績表.xlsx,三段組,三段組,8,7,P462,14,9,0,65,8,,,8,O,6,O,1,X,10,X,2,O,,,3
三段組戰績表.xlsx,三段組,三段組,9,8,P656,8,8,0,47,26,,,7,X,5,X,11,X,3,X,空,O,,,1
三段組戰績表.xlsx,三段組,三段組,10,9,P387,15,9,0,67,15,,,10,O,12,X,6,X,11,O,16,X,,,2
三段組戰績表.xlsx,三段組,三段組,11,10,P194,12,2,0,67,6,,四段,9,X,11,O,13,O,7,O,4,O,,,4
三段組戰績表.xlsx,三段組,三段組,12,11,P325,12,10,0,61,18,,,12,X,10,X,8,O,9,X,3,O,,,2
三段組戰績表.xlsx,三段組,三段組,13,12,P580,15,5,0,71,3,,四段,11,O,9,O,16,O,1,X,14,O,,,4
三段組戰績表.xlsx,三段組,三段組,14,13,P103,12,9,0,55,20,,,14,X,15,O,10,X,17,X,20,O,,,2
三段組戰績表.xlsx,三段組,三段組,15,14,P250,14,7,0,66,11,,,13,O,16,X,17,O,18,O,12,X,,,3
三段組戰績表.xlsx,三段組,三段組,16,15,P663,9,7,0,56,23,,,16,X,13,X,20,O,19,X,23,O,,,2
三段組戰績表.xlsx,三段組,三段組,17,16,P458,14,7,1,69,10,,,15,O,14,O,12,X,21,X,9,O,,,3
三段組戰績表.xlsx,三段組,三段組,18,17,P410,12,9,1,58,19,,,18,X,20,O,14,X,13,O,22,X,,,2
三段組戰績表.xlsx,三段組,三段組,19,18,P532,13,7,0,62,12,,,17,O,19,O,24,X,14,X,27,O,,,3
三段組戰績表.xlsx,三段組,三段組,20,19,P671,11,8,0,56,21,,,20,O,18,X,21,X,15,O,5↓,X,,,2
三段組戰績表.xlsx,三段組,三段組,21,20,P557,8,8,0,44,27,,,19,X,17,X,15,X,空,O,13,X,,,1
三段組戰績表.xlsx,三段組,三段組,22,21,P163,16,8,0,61,7,,,22,O,24,X,19,O,16,O,25,X,,,3
三段組戰績表.xlsx,三段組,三段組,23,22,P691,11,7,0,62,13,,,21,X,23,O,3↓,O,25,X,17,O,,,3
三段組戰績表.xlsx,三段組,三段組,24,23,P265,11,11,0,45,24,,,24,X,22,X,空,O,27,X,15,X,,,1
三段組戰績表.xlsx,三段組,三段組,25,24,P527,13,4,0,71,4,,四段,23,O,21,O,18,O,26,X,6↓,O,,,4
三段組戰績表.xlsx,三段組,三段組,26,25,P287,12,4,0,56,5,,四段,26,X,空,O,27,O,22,O,21,O,,,4
三段組戰績表.xlsx,三段組,三段組,27,26,P236,17,5,0,68,2,,四段,25,O,27,O,2↓,O,24,O,1,X,,,4
三段組戰績表.xlsx,三段組,三段組,28,27,P353,12,11,0,53,17,,,空,O,26,X,25,X,23,O,18,X,,,2
丙組戰績表.xlsx,丙組,丙組,2,1,P507,14,0,0,81,1,加賽,乙組,2,O,3,O,8,O,12,O,43,O,,,5
丙組戰績表.xlsx,丙組,丙組,3,2,P037,14,11,0,67,25,,,1,X,43↑,X,5,O,7,X,3,O,,,2
丙組戰績表.xlsx,丙組,丙組,4,3,P485,16,13,0,65,39,,,4,O,1,X,6,X,41↑,X,2,X,,,1
丙組戰績表.xlsx,丙組,丙組,5,4,P554,11,4,0,67,22,,乙組,3,X,5,O,9,O,6,X,37↑,O,,,3
丙組戰績表.xlsx,丙組,丙組,6,5,P499,10,8,0,64,37,,,6,X,4,X,2,X,14,O,40↑,O,,,2
丙組戰績表.xlsx,丙組,丙組,7,6,P466,14,8,0,68,11,,乙組,5,O,8,X,3,O,4,O,26↑,X,,,3
丙組戰績表.xlsx,丙組,丙組,8,7,P574,10,8,0,67,36,,,8,X,9,X,14,O,2,O,11,X,,,2
丙組戰績表.xlsx,丙組,丙組,9,8,P125,16,9,0,67,9,,乙組,7,O,6,O,1,X,10,X,17,O,,,3
丙組戰績表.xlsx,丙組,丙組,10,9,P542,13,10,0,57,28,,,10,X,7,O,4,X,11,X,15,O,,,2
丙組戰績表.xlsx,丙組,丙組,11,10,P564,15,4,0,72,5,,乙組,9,O,12,X,11,O,8,O,13,O,,,4
丙組戰績表.xlsx,丙組,丙組,12,11,P004,12,8,0,68,15,,乙組,12,X,14,O,10,X,9,O,7,O,,,3
丙組戰績表.xlsx,丙組,丙組,13,12,P183,18,5,0,66,3,,乙組,11,O,10,O,13,O,1,X,16,O,,,4
丙組戰績表.xlsx,丙組,丙組,14,13,P628,13,8,0,71,14,,乙組,14,O,16,O,12,X,17,O,10,X,,,3
丙組戰績表.xlsx,丙組,丙組,15,14,P624,12,12,0,56,45,,,13,X,11,X,7,X,5,X,42↑,X,,,0
丙組戰績表.xlsx,丙組,丙組,16,15,P626,9,8,0,55,44,,,16,X,18,X,22,X,23,O,9,X,,,1
丙組戰績表.xlsx,丙組,丙組,17,16,P465,12,7,0,62,16,,乙組,15,O,13,X,18,O,19,O,12,X,,,3
丙組戰績表.xlsx,丙組,丙組,18,17,P226,14,10,0,66,26,,,18,O,20,O,24,X,13,X,8,X,,,2
丙組戰績表.xlsx,丙組,丙組,19,18,P678,10,8,0,57,38,,,17,X,15,O,16,X,21,X,22,O,,,2
丙組戰績表.xlsx,丙組,丙組,20,19,P182,12,8,0,58,33,,,20,X,22,O,21,O,16,X,25,X,,,2
丙組戰績表.xlsx,丙組,丙組,21,20,P442,13,8,0,64,29,,,19,O,17,X,25,O,28,X,21,X,,,2
丙組戰績表.xlsx,丙組,丙組,22,21,P578,11,6,0,60,21,,乙組,22,O,24,X,19,X,18,O,20,O,,,3
丙組戰績表.xlsx,丙組,丙組,23,22,P052,11,10,0,53,40,,,21,X,19,X,15,O,25,X,18,X,,,1
丙組戰績表.xlsx,丙組,丙組,24,23,P206,9,9,0,43,42,,,24,X,25,X,30,X,15,X,空,O,,,1
丙組戰績表.xlsx,丙組,丙組,25,24,P196,14,5,0,65,6,,乙組,23,O,21,O,17,O,26,X,28,O,,,4
丙組戰績表.xlsx,丙組,丙組,26,25,P704,11,7,0,60,19,,乙組,26,X,23,O,20,X,22,O,19,O,,,3
丙組戰績表.xlsx,丙組,丙組,27,26,P605,15,0,0,70,2,加賽,乙組,25,O,28,O,29,O,24,O,6↓,O,,,5
丙組戰績表.xlsx,丙組,丙組,28,27,P381,11,9,0,59,34,,,28,X,30,O,31,X,32,X,33,O,,,2
丙組戰績表.xlsx,丙組,丙組,29,28,P406,16,9,0,64,10,,乙組,27,O,26,X,32,O,20,O,24,X,,,3
丙組戰績表.xlsx,丙組,丙組,30,29,P299,15,11,0,63,24,,,30,O,31,O,26,X,37,X,32,X,,,2
丙組戰績表.xlsx,丙組,丙組,31,30,P097,9,8,0,59,43,,,29,X,27,X,23,O,34,X,36,X,,,1
丙組戰績表.xlsx,丙組,丙組,32,31,P384,14,6,0,63,13,,乙組,32,O,29,X,27,O,38,O,35,X,,,3
丙組戰績表.xlsx,丙組,丙組,33,32,P522,11,6,0,65,20,,乙組,31,X,33,O,28,X,27,O,29,O,,,3
丙組戰績表.xlsx,丙組,丙組,34,33,P530,9,9,0,46,41,,,34,X,32,X,36,X,空,O,27,X,,,1
丙組戰績表.xlsx,丙組,丙組,35,34,P024,12,10,0,53,31,,,33,O,35,X,38,X,30,O,39,X,,,2
丙組戰績表.xlsx,丙組,丙組,36,35,P058,14,4,0,69,7,,乙組,36,O,34,O,37,O,43,X,31,O,,,4
丙組戰績表.xlsx,丙組,丙組,37,36,P142,12,10,0,53,31,,,35,X,38,X,33,O,39,X,30,O,,,2
丙組戰績表.xlsx,丙組,丙組,38,37,P313,14,7,0,65,12,,乙組,38,O,40,O,35,X,29,O,4↓,X,,,3
丙組戰績表.xlsx,丙組,丙組,39,38,P326,12,6,0,65,17,,乙組,37,X,36,O,34,O,31,X,44,O,,,3
丙組戰績表.xlsx,丙組,丙組,40,39,P346,9,5,0,49,23,,乙組,40,X,41,X,空,O,36,O,34,O,,,3
丙組戰績表.xlsx,丙組,丙組,41,40,P657,13,8,0,56,30,,,39,O,37,X,41,X,42,O,5↓,X,,,2
丙組戰績表.xlsx,丙組,丙組,42,41,P660,12,6,0,60,18,,乙組,42,X,39,O,40,O,3↓,O,45,X,,,3
丙組戰績表.xlsx,丙組,丙組,43,42,P162,11,8,0,61,35,,,41,O,45,X,44,X,40,X,14↓,O,,,2
丙組戰績表.xlsx,丙組,丙組,44,43,P179,17,5,0,66,4,,乙組,44,O,2↓,O,45,O,35,O,1,X,,,4
丙組戰績表.xlsx,丙組,丙組,45,44,P077,13,11,0,51,27,,,43,X,空,O,42,O,45,X,38,X,,,2
丙組戰績表.xlsx,丙組,丙組,46,45,P569,11,4,0,53,8,,乙組,空,O,42,O,43,X,44,O,41,O,,,4
乙組戰績表.xlsx,乙組,乙組,2,1,P546,13,8,0,59,19,,,2,X,4,X,24↑,O,7,O,5,X,,,2
乙組戰績表.xlsx,乙組,乙組,3,2,P689,15,4,0,75,3,,甲組,1,O,3,O,6,O,10,X,26,O,,,4
乙組戰績表.xlsx,乙組,乙組,4,3,P062,15,8,0,68,7,,甲組,4,O,2,X,26↑,O,6,O,12,X,,,3
乙組戰績表.xlsx,乙組,乙組,5,4,P595,12,10,0,63,24,,,3,X,1,O,5,X,9,X,7,X,,,1
乙組戰績表.xlsx,乙組,乙組,6,5,P277,12,8,0,62,11,,甲組,6,X,8,O,4,O,20↑,X,1,O,,,3
乙組戰績表.xlsx,乙組,乙組,7,6,P592,14,7,0,65,10,,甲組,5,O,7,O,2,X,3,X,9,O,,,3
乙組戰績表.xlsx,乙組,乙組,8,7,P698,10,8,0,64,22,,,8,O,6,X,11,X,1,X,4,O,,,2
乙組戰績表.xlsx,乙組,乙組,9,8,P140,9,9,0,46,26,,,7,X,5,X,9,X,21↑,X,空,O,,,1
乙組戰績表.xlsx,乙組,乙組,10,9,P409,13,11,0,65,17,,,10,X,12,X,8,O,4,O,6,X,,,2
乙組戰績表.xlsx,乙組,乙組,11,10,P483,18,5,0,71,2,,甲組,9,O,11,O,15,O,2,O,20,X,,,4
乙組戰績表.xlsx,乙組,乙組,12,11,P205,16,8,0,66,6,,甲組,12,O,10,X,7,O,15,X,13,O,,,3
乙組戰績表.xlsx,乙組,乙組,13,12,P180,12,3,0,73,5,,甲組,11,X,9,O,13,O,18,O,3,O,,,4
乙組戰績表.xlsx,乙組,乙組,14,13,P217,13,11,0,60,18,,,14,O,15,X,12,X,16,O,11,X,,,2
乙組戰績表.xlsx,乙組,乙組,15,14,P033,8,8,0,43,27,,,13,X,16,X,17,X,空,O,22,X,,,1
乙組戰績表.xlsx,乙組,乙組,16,15,P239,13,4,0,69,4,,甲組,16,O,13,O,10,X,11,O,27,O,,,4
乙組戰績表.xlsx,乙組,乙組,17,16,P643,11,10,0,60,25,,,15,X,14,O,18,X,13,X,25,X,,,1
乙組戰績表.xlsx,乙組,乙組,18,17,P266,10,5,0,64,13,,甲組,18,X,19,X,14,O,22,O,23,O,,,3
乙組戰績表.xlsx,乙組,乙組,19,18,P664,16,12,0,62,15,,,17,O,20,X,16,O,12,X,19,X,,,2
乙組戰績表.xlsx,乙組,乙組,20,19,P268,15,8,0,66,8,,甲組,20,X,17,O,21,O,26,X,18,O,,,3
乙組戰績表.xlsx,乙組,乙組,21,20,P032,14,0,0,77,1,,甲組,19,O,18,O,23,O,5↓,O,10,O,,,5
乙組戰績表.xlsx,乙組,乙組,22,21,P536,11,8,0,59,20,,,22,O,23,X,19,X,8↓,O,24,X,,,2
乙組戰績表.xlsx,乙組,乙組,23,22,P172,9,8,0,39,23,,,21,X,24,X,空,O,17,X,14,O,,,2
乙組戰績表.xlsx,乙組,乙組,24,23,P537,16,11,0,56,16,,,24,O,21,O,20,X,27,X,17,X,,,2
乙組戰績表.xlsx,乙組,乙組,25,24,P152,10,4,0,59,14,,甲組,23,X,22,O,1↓,X,25,O,21,O,,,3
乙組戰績表.xlsx,乙組,乙組,26,25,P282,10,9,0,47,21,,,26,X,空,O,27,X,24,X,16,O,,,2
乙組戰績表.xlsx,乙組,乙組,27,26,P701,15,7,0,66,9,,甲組,25,O,27,O,3↓,X,19,O,2,X,,,3
乙組戰績表.xlsx,乙組,乙組,28,27,P549,11,7,0,54,12,,甲組,空,O,26,X,25,O,23,O,15,X,,,3
二段組戰績表.xlsx,二段組,二段組,2,1,P008,14,10,0,57,20,,,2,X,34↑,X,10,O,6,O,8,X,,,2
二段組戰績表.xlsx,二段組,二段組,3,2,P123,13,7,0,71,10,,,1,O,4,X,30↑,O,5,X,15,O,,,3
二段組戰績表.xlsx,二段組,二段組,4,3,P372,11,11,0,55,33,,,4,X,6,X,32↑,X,16,X,33,O,,,1
二段組戰績表.xlsx,二段組,二段組,5,4,P441,13,4,0,73,4,,三段,3,O,2,O,7,O,9,X,5,O,,,4
二段組戰績表.xlsx,二段組,二段組,6,5,P161,14,6,0,66,9,,,6,O,7,X,8,O,2,O,4,X,,,3
二段組戰績表.xlsx,二段組,二段組,7,6,P214,12,9,0,63,22,,,5,X,3,O,11,X,1,X,29↑,O,,,2
二段組戰績表.xlsx,二段組,二段組,8,7,P329,18,12,0,64,17,,,8,O,5,O,4,X,11,X,26↑,X,,,2
二段組戰績表.xlsx,二段組,二段組,9,8,P439,10,5,0,71,13,,,7,X,10,O,5,X,12,O,1,O,,,3
二段組戰績表.xlsx,二段組,二段組,10,9,P343,17,5,0,65,2,,三段,10,O,11,O,15,O,4,O,21,X,,,4
二段組戰績表.xlsx,二段組,二段組,11,10,P514,11,9,0,69,25,,,9,X,8,X,1,X,28↑,O,12,O,,,2
二段組戰績表.xlsx,二段組,二段組,12,11,P645,12,4,0,75,5,,三段,12,O,9,X,6,O,7,O,13,O,,,4
二段組戰績表.xlsx,二段組,二段組,13,12,P083,14,12,0,55,29,,,11,X,13,X,16,O,8,X,10,X,,,1
二段組戰績表.xlsx,二段組,二段組,14,13,P421,14,8,0,63,8,,,14,X,12,O,17,O,15,O,11,X,,,3
二段組戰績表.xlsx,二段組,二段組,15,14,P178,11,2,0,73,7,,三段,13,O,15,X,19,O,18,O,20,O,,,4
二段組戰績表.xlsx,二段組,二段組,16,15,P598,16,10,0,63,19,,,16,O,14,O,9,X,13,X,2,X,,,2
二段組戰績表.xlsx,二段組,二段組,17,16,P247,8,6,0,65,27,,,15,X,17,X,12,X,3,O,19,O,,,2
二段組戰績表.xlsx,二段組,二段組,18,17,P430,10,5,0,66,14,,,18,X,16,O,13,X,19,O,22,O,,,3
二段組戰績表.xlsx,二段組,二段組,19,18,P296,18,12,0,57,18,,,17,O,20,O,21,X,14,X,25,X,,,2
二段組戰績表.xlsx,二段組,二段組,20,19,P658,14,12,0,52,31,,,20,X,22,O,14,X,17,X,16,X,,,1
二段組戰績表.xlsx,二段組,二段組,21,20,P308,11,6,0,69,12,,,19,O,18,X,24,O,25,O,14,X,,,3
二段組戰績表.xlsx,二段組,二段組,22,21,P368,13,0,0,76,1,,三段,22,O,24,O,18,O,26,O,9,O,,,5
二段組戰績表.xlsx,二段組,二段組,23,22,P533,12,9,0,58,23,,,21,X,19,X,23,O,24,O,17,X,,,2
二段組戰績表.xlsx,二段組,二段組,24,23,P555,7,6,0,65,28,,,24,X,25,X,22,X,33,O,28,O,,,2
二段組戰績表.xlsx,二段組,二段組,25,24,P042,14,12,0,54,30,,,23,O,21,X,20,X,22,X,31,X,,,1
二段組戰績表.xlsx,二段組,二段組,26,25,P334,12,7,0,65,11,,,26,X,23,O,28,O,20,X,18,O,,,3
二段組戰績表.xlsx,二段組,二段組,27,26,P136,15,5,0,68,3,,三段,25,O,28,O,34,O,21,X,7↓,O,,,4
二段組戰績表.xlsx,二段組,二段組,28,27,P529,7,3,0,64,16,,,28,X,29,X,33,O,31,O,30,O,,,3
二段組戰績表.xlsx,二段組,二段組,29,28,P480,14,11,0,52,32,,,27,O,26,X,25,X,10↓,X,23,X,,,1
二段組戰績表.xlsx,二段組,二段組,30,29,P234,12,7,0,53,24,,,30,X,27,O,31,O,32,X,6↓,X,,,2
二段組戰績表.xlsx,二段組,二段組,31,30,P255,14,10,0,54,21,,,29,O,31,O,2↓,X,34,X,27,X,,,2
二段組戰績表.xlsx,二段組,二段組,32,31,P593,11,7,0,56,26,,,32,O,30,X,29,X,27,X,24,O,,,2
二段組戰績表.xlsx,二段組,二段組,33,32,P085,9,6,0,58,15,,,31,X,33,O,3↓,O,29,O,34,X,,,3
二段組戰績表.xlsx,二段組,二段組,34,33,P659,13,13,0,45,34,,,34,X,32,X,27,X,23,X,3,X,,,0
二段組戰績表.xlsx,二段組,二段組,35,34,P342,11,4,0,65,6,,三段,33,O,1↓,O,26,X,30,O,32,O,,,4
五段組戰績表.xlsx,五段組,五段組,2,1,P262,17,10,0,109,21,,,2,O,3,X,6,O,63↑,X,5,O,10,O,4
五段組戰績表.xlsx,五段組,五段組,3,2,P411,10,10,0,50,68,,,1,X,68↑,X,4,X,棄,,,,,,0
五段組戰績表.xlsx,五段組,五段組,4,3,P315,23,6,0,119,3,,六段,4,O,1,O,5,O,12,X,48↑,O,9,O,5
五段組戰績表.xlsx,五段組,五段組,5,4,P028,14,13,0,112,56,,,3,X,6,X,2,O,64↑,X,13,O,15,X,2
五段組戰績表.xlsx,五段組,五段組,6,5,P395,21,17,0,110,47,,,6,O,8,O,3,X,9,X,1,X,60↑,X,2
五段組戰績表.xlsx,五段組,五段組,7,6,P055,16,12,0,94,54,,,5,X,4,O,1,X,8,O,10,X,16,X,2
五段組戰績表.xlsx,五段組,五段組,8,7,P278,11,11,0,78,67,,,8,X,10,X,11,X,20,X,40,X,空,O,1
五段組戰績表.xlsx,五段組,五段組,9,8,P523,14,12,0,104,57,,,7,O,5,X,9,X,6,X,65↑,X,20,O,2
五段組戰績表.xlsx,五段組,五段組,10,9,P252,21,11,0,117,11,,,10,O,12,X,8,O,5,O,14,O,3,X,4
五段組戰績表.xlsx,五段組,五段組,11,10,P396,15,11,0,103,41,,,9,X,7,O,13,O,14,X,6,O,1,X,3
五段組戰績表.xlsx,五段組,五段組,12,11,P339,17,7,0,110,22,,,12,X,13,X,7,O,16,O,15,O,14,O,4
五段組戰績表.xlsx,五段組,五段組,13,12,P080,25,0,0,132,1,,六段,11,O,9,O,15,O,3,O,22,O,63,O,6
五段組戰績表.xlsx,五段組,五段組,14,13,P492,19,15,0,98,62,,,14,X,11,O,10,X,17,X,4,X,62↑,X,1
五段組戰績表.xlsx,五段組,五段組,15,14,P018,19,11,0,111,31,,,13,O,15,X,17,O,10,O,9,X,11,X,3
五段組戰績表.xlsx,五段組,五段組,16,15,P426,23,15,0,107,27,,,16,O,14,O,12,X,19,X,11,X,4,O,3
五段組戰績表.xlsx,五段組,五段組,17,16,P556,13,9,0,106,43,,,15,X,18,X,20,O,11,X,27,O,6,O,3
五段組戰績表.xlsx,五段組,五段組,18,17,P157,16,8,0,108,24,,,18,O,19,X,14,X,13,O,21,O,24,O,4
五段組戰績表.xlsx,五段組,五段組,19,18,P078,16,12,0,91,55,,,17,X,16,O,21,X,26,X,20,O,25,X,2
五段組戰績表.xlsx,五段組,五段組,20,19,P335,19,4,0,114,8,,,20,O,17,O,22,X,15,O,24,O,28,O,5
五段組戰績表.xlsx,五段組,五段組,21,20,P707,15,14,0,90,65,,,19,X,21,X,16,X,7,O,18,X,8,X,1
五段組戰績表.xlsx,五段組,五段組,22,21,P048,17,14,0,102,51,,,22,X,20,O,18,O,24,X,17,X,26,X,2
五段組戰績表.xlsx,五段組,五段組,23,22,P627,24,11,0,121,9,,,21,O,24,O,19,O,32,O,12,X,38,X,4
五段組戰績表.xlsx,五段組,五段組,24,23,P571,6,6,0,31,69,,,24,X,26,X,棄,,,,,,,,0
五段組戰績表.xlsx,五段組,五段組,25,24,P432,18,13,0,95,32,,,23,O,22,X,26,O,21,O,19,X,17,X,3
五段組戰績表.xlsx,五段組,五段組,26,25,P614,17,11,0,105,37,,,26,O,27,O,32,X,28,X,29,X,18,O,3
五段組戰績表.xlsx,五段組,五段組,27,26,P420,13,9,0,92,44,,,25,X,23,O,24,X,18,O,31,X,21,O,3
五段組戰績表.xlsx,五段組,五段組,28,27,P146,19,15,0,94,63,,,28,O,25,X,29,X,31,X,16,X,36,X,1
五段組戰績表.xlsx,五段組,五段組,29,28,P195,18,6,0,111,20,,,27,X,30,O,31,O,25,O,32,O,19,X,4
五段組戰績表.xlsx,五段組,五段組,30,29,P687,17,7,0,110,22,,,30,O,32,X,27,O,33,X,25,O,31,O,4
五段組戰績表.xlsx,五段組,五段組,31,30,P175,16,11,0,103,39,,,29,X,28,X,34,X,40,O,36,O,35,O,3
五段組戰績表.xlsx,五段組,五段組,32,31,P684,18,11,1,107,34,,,32,X,34,O,28,X,27,O,26,O,29,X,3
五段組戰績表.xlsx,五段組,五段組,33,32,P295,22,12,0,112,28,,,31,O,29,O,25,O,22,X,28,X,33,X,3
五段組戰績表.xlsx,五段組,五段組,34,33,P056,18,7,0,119,18,,,34,O,35,X,37,O,29,O,38,X,32,O,4
五段組戰績表.xlsx,五段組,五段組,35,34,P412,18,11,0,104,35,,,33,X,31,X,30,O,36,O,35,O,41,X,3
五段組戰績表.xlsx,五段組,五段組,36,35,P538,22,16,0,103,46,,,36,O,33,O,39,X,38,X,34,X,30,X,2
五段組戰績表.xlsx,五段組,五段組,37,36,P494,11,9,0,112,60,,,35,X,37,X,40,O,34,X,30,X,27,O,2
五段組戰績表.xlsx,五段組,五段組,38,37,P597,20,18,0,96,61,,,38,X,36,O,33,X,41,X,49,X,51,X,1
五段組戰績表.xlsx,五段組,五段組,39,38,P148,20,5,0,123,6,,,37,O,39,X,41,O,35,O,33,O,22,O,5
五段組戰績表.xlsx,五段組,五段組,40,39,P135,20,5,1,123,5,,,40,O,38,O,35,O,48,X,43,O,52,O,5
五段組戰績表.xlsx,五段組,五段組,41,40,P049,17,16,0,86,64,,,39,X,42,X,36,X,30,X,7,O,56,X,1
五段組戰績表.xlsx,五段組,五段組,42,41,P093,19,8,0,117,16,,,42,O,43,X,38,X,37,O,44,O,34,O,4
五段組戰績表.xlsx,五段組,五段組,43,42,P002,16,7,0,115,25,,,41,X,40,O,44,O,43,X,46,O,45,O,4
五段組戰績表.xlsx,五段組,五段組,44,43,P069,25,14,0,115,26,,,44,O,41,O,48,X,42,O,39,X,53,X,3
五段組戰績表.xlsx,五段組,五段組,45,44,P153,18,11,0,109,33,,,43,X,46,O,42,X,49,O,41,X,50,O,3
五段組戰績表.xlsx,五段組,五段組,46,45,P509,20,13,0,104,30,,,46,O,48,X,49,O,50,O,52,X,42,X,3
五段組戰績表.xlsx,五段組,五段組,47,46,P528,16,13,1,96,52,,,45,X,44,X,47,O,51,O,42,X,49,X,2
五段組戰績表.xlsx,五段組,五段組,48,47,P714,14,14,0,74,66,,,48,X,49,X,46,X,56,X,空,O,58,X,1
五段組戰績表.xlsx,五段組,五段組,49,48,P415,21,5,0,121,4,,六段,47,O,45,O,43,O,39,O,3↓,X,68,O,5
五段組戰績表.xlsx,五段組,五段組,50,49,P385,12,8,0,109,45,,,50,X,47,O,45,X,44,X,37,O,46,O,3
五段組戰績表.xlsx,五段組,五段組,51,50,P331,21,14,0,107,48,,,49,O,52,O,53,X,45,X,54,X,44,X,2
五段組戰績表.xlsx,五段組,五段組,52,51,P305,16,13,0,100,53,,,52,X,54,X,56,O,46,X,55,X,37,O,2
五段組戰績表.xlsx,五段組,五段組,53,52,P631,18,7,0,114,19,,,51,O,50,X,54,O,57,O,45,O,39,X,4
五段組戰績表.xlsx,五段組,五段組,54,53,P490,21,9,0,122,12,,,54,O,55,O,50,O,69,X,67,X,43,O,4
五段組戰績表.xlsx,五段組,五段組,55,54,P318,18,8,0,109,17,,,53,X,51,O,52,X,55,O,50,O,59,O,4
五段組戰績表.xlsx,五段組,五段組,56,55,P670,16,10,0,105,40,,,56,O,53,X,57,X,54,X,51,O,61,O,3
五段組戰績表.xlsx,五段組,五段組,57,56,P680,12,10,0,93,59,,,55,X,58,X,51,X,47,O,62,X,40,O,2
五段組戰績表.xlsx,五段組,五段組,58,57,P373,19,14,0,97,50,,,58,O,60,X,55,O,52,X,59,X,66,X,2
五段組戰績表.xlsx,五段組,五段組,59,58,P312,13,10,0,95,58,,,57,X,56,O,61,X,59,X,66,X,47,O,2
五段組戰績表.xlsx,五段組,五段組,60,59,P625,17,10,0,102,38,,,60,X,61,X,66,O,58,O,57,O,54,X,3
五段組戰績表.xlsx,五段組,五段組,61,60,P322,19,10,0,120,14,,,59,O,57,O,63,X,67,X,61,O,5↓,O,4
五段組戰績表.xlsx,五段組,五段組,62,61,P071,19,14,0,101,49,,,62,X,59,O,58,O,68,X,60,X,55,X,2
五段組戰績表.xlsx,五段組,五段組,63,62,P279,17,12,0,115,36,,,61,O,63,X,64,X,65,X,56,O,13↓,O,3
五段組戰績表.xlsx,五段組,五段組,64,63,P082,24,6,0,121,2,,六段,64,O,62,O,60,O,1↓,O,69,O,12,X,5
五段組戰績表.xlsx,五段組,五段組,65,64,P229,21,13,0,108,29,,,63,X,66,O,62,O,4↓,O,68,X,65,X,3
五段組戰績表.xlsx,五段組,五段組,66,65,P141,20,9,0,108,13,,,66,O,69,X,67,X,62,O,8↓,O,64,O,4
五段組戰績表.xlsx,五段組,五段組,67,66,P021,14,10,0,90,42,,,65,X,64,X,59,X,空,O,58,O,57,O,3
五段組戰績表.xlsx,五段組,五段組,68,67,P603,20,4,0,101,7,,,68,X,空,O,65,O,60,O,53,O,69,O,5
五段組戰績表.xlsx,五段組,五段組,69,68,P446,19,9,0,113,15,,,67,O,2↓,O,69,X,61,O,64,O,48,X,4
五段組戰績表.xlsx,五段組,五段組,70,69,P276,22,10,0,104,10,,,空,O,65,O,68,O,53,O,63,X,67,X,4
入門Ａ組戰績表.xlsx,入門Ａ組,入門Ａ組,2,1,P506,13,9,0,65,29,,,2,X,3,O,43↑,O,4,X,11,X,,,2
入門Ａ組戰績表.xlsx,入門Ａ組,入門Ａ組,3,2,P319,16,9,0,70,10,,,1,O,4,O,6,X,38↑,X,13,O,,,3
入門Ａ組戰績表.xlsx,入門Ａ組,入門Ａ組,4,3,P374,10,7,0,61,33,,,4,X,1,X,44↑,O,5,X,14,O,,,2
入門Ａ組戰績表.xlsx,入門Ａ組,入門Ａ組,5,4,P081,14,8,0,68,15,,,3,O,2,X,5,O,1,O,19↑,X,,,3
入門Ａ組戰績表.xlsx,入門Ａ組,入門Ａ組,6,5,P219,15,12,0,61,23,,,6,X,8,O,4,X,3,O,40↑,X,,,2
入門Ａ組戰績表.xlsx,入門Ａ組,入門Ａ組,7,6,P708,13,0,0,80,2,加賽,,5,O,7,O,2,O,12,O,38,O,,,5
入門Ａ組戰績表.xlsx,入門Ａ組,入門Ａ組,8,7,P307,15,14,0,59,36,,,8,O,6,X,9,X,11,X,39↑,X,,,1
入門Ａ組戰績表.xlsx,入門Ａ組,入門Ａ組,9,8,P309,9,9,0,58,42,,,7,X,5,X,11,X,41↑,X,42,O,,,1
入門Ａ組戰績表.xlsx,入門Ａ組,入門Ａ組,10,9,P711,14,7,0,70,16,,,10,O,12,X,7,O,13,O,21,X,,,3
入門Ａ組戰績表.xlsx,入門Ａ組,入門Ａ組,11,10,P272,14,3,0,71,7,,,9,X,11,O,15,O,18,O,12,O,,,4
入門Ａ組戰績表.xlsx,入門Ａ組,入門Ａ組,12,11,P098,11,7,0,68,19,,,12,X,10,X,8,O,7,O,1,O,,,3
入門Ａ組戰績表.xlsx,入門Ａ組,入門Ａ組,13,12,P076,17,9,0,65,9,,,11,O,9,O,13,O,6,X,10,X,,,3
入門Ａ組戰績表.xlsx,入門Ａ組,入門Ａ組,14,13,P428,13,9,0,68,28,,,14,O,16,O,12,X,9,X,2,X,,,2
入門Ａ組戰績表.xlsx,入門Ａ組,入門Ａ組,15,14,P517,11,9,0,54,37,,,13,X,15,X,17,O,16,X,3,X,,,1
入門Ａ組戰績表.xlsx,入門Ａ組,入門Ａ組,16,15,P635,13,10,0,65,27,,,16,X,14,O,10,X,20,O,18,X,,,2
入門Ａ組戰績表.xlsx,入門Ａ組,入門Ａ組,17,16,P486,10,5,0,65,20,,,15,O,13,X,18,X,14,O,23,O,,,3
入門Ａ組戰績表.xlsx,入門Ａ組,入門Ａ組,18,17,P012,8,6,0,61,35,,,18,X,20,X,14,X,22,O,26,O,,,2
入門Ａ組戰績表.xlsx,入門Ａ組,入門Ａ組,19,18,P020,16,9,0,59,11,,,17,O,19,X,16,O,10,X,15,O,,,3
入門Ａ組戰績表.xlsx,入門Ａ組,入門Ａ組,20,19,P413,14,0,0,75,1,加賽,,20,O,18,O,24,O,31,O,4↓,O,,,5
入門Ａ組戰績表.xlsx,入門Ａ組,入門Ａ組,21,20,P225,14,11,0,55,24,,,19,X,17,O,21,X,15,X,27,O,,,2
入門Ａ組戰績表.xlsx,入門Ａ組,入門Ａ組,22,21,P544,11,3,0,66,8,,,22,O,24,X,20,O,23,O,9,O,,,4
入門Ａ組戰績表.xlsx,入門Ａ組,入門Ａ組,23,22,P240,10,9,0,51,41,,,21,X,23,X,26,X,17,X,37↑,O,,,1
入門Ａ組戰績表.xlsx,入門Ａ組,入門Ａ組,24,23,P091,12,10,0,56,32,,,24,X,22,O,27,O,21,X,16,X,,,2
入門Ａ組戰績表.xlsx,入門Ａ組,入門Ａ組,25,24,P534,16,8,0,64,12,,,23,O,21,O,19,X,25,X,28,O,,,3
入門Ａ組戰績表.xlsx,入門Ａ組,入門Ａ組,26,25,P388,13,7,0,70,17,,,26,O,28,O,31,X,24,O,33,X,,,3
入門Ａ組戰績表.xlsx,入門Ａ組,入門Ａ組,27,26,P043,10,9,1,48,40,,,25,X,27,X,22,O,29,X,17,X,,,1
入門Ａ組戰績表.xlsx,入門Ａ組,入門Ａ組,28,27,P364,9,8,0,63,43,,,28,X,26,O,23,X,30,X,20,X,,,1
入門Ａ組戰績表.xlsx,入門Ａ組,入門Ａ組,29,28,P019,14,10,0,61,25,,,27,O,25,X,29,O,33,X,24,X,,,2
入門Ａ組戰績表.xlsx,入門Ａ組,入門Ａ組,30,29,P669,8,4,0,59,22,,,30,X,32,O,28,X,26,O,34,O,,,3
入門Ａ組戰績表.xlsx,入門Ａ組,入門Ａ組,31,30,P591,13,9,0,55,30,,,29,O,31,X,35,X,27,O,41,X,,,2
入門Ａ組戰績表.xlsx,入門Ａ組,入門Ａ組,32,31,P674,15,9,0,65,13,,,32,O,30,O,25,O,19,X,36,X,,,3
入門Ａ組戰績表.xlsx,入門Ａ組,入門Ａ組,33,32,P169,10,10,0,51,39,,,31,X,29,X,34,X,42,O,44,X,,,1
入門Ａ組戰績表.xlsx,入門Ａ組,入門Ａ組,34,33,P637,15,4,1,71,4,,,34,O,36,O,38,X,28,O,25,O,,,4
入門Ａ組戰績表.xlsx,入門Ａ組,入門Ａ組,35,34,P304,12,10,0,57,31,,,33,X,35,X,32,O,37,O,29,X,,,2
入門Ａ組戰績表.xlsx,入門Ａ組,入門Ａ組,36,35,P636,14,8,0,69,14,,,36,X,34,O,30,O,40,X,43,O,,,3
入門Ａ組戰績表.xlsx,入門Ａ組,入門Ａ組,37,36,P317,15,4,0,70,5,,,35,O,33,X,39,O,43,O,31,O,,,4
入門Ａ組戰績表.xlsx,入門Ａ組,入門Ａ組,38,37,P358,10,10,0,59,38,,,38,X,39,X,42,O,34,X,22↓,X,,,1
入門Ａ組戰績表.xlsx,入門Ａ組,入門Ａ組,39,38,P713,17,5,0,69,3,,,37,O,40,O,33,O,2↓,O,6,X,,,4
入門Ａ組戰績表.xlsx,入門Ａ組,入門Ａ組,40,39,P106,12,8,0,63,18,,,40,X,37,O,36,X,44,O,7↓,O,,,3
入門Ａ組戰績表.xlsx,入門Ａ組,入門Ａ組,41,40,P419,15,4,0,67,6,,,39,O,38,X,41,O,35,O,5↓,O,,,4
入門Ａ組戰績表.xlsx,入門Ａ組,入門Ａ組,42,41,P114,9,6,0,59,21,,,42,O,43,X,40,X,8↓,O,30,O,,,3
入門Ａ組戰績表.xlsx,入門Ａ組,入門Ａ組,43,42,P320,8,8,0,46,44,,,41,X,44,X,37,X,32,X,8,X,,,0
入門Ａ組戰績表.xlsx,入門Ａ組,入門Ａ組,44,43,P390,14,9,0,59,26,,,44,O,41,O,1↓,X,36,X,35,X,,,2
入門Ａ組戰績表.xlsx,入門Ａ組,入門Ａ組,45,44,P345,8,7,0,54,34,,,43,X,42,O,3↓,X,39,X,32,O,,,2
入門Ｂ組戰績表.xlsx,入門Ｂ組,入門Ｂ組,2,1,P041,11,4,0,59,18,,,2,O,4,X,5,X,3,O,6,O,,,3
入門Ｂ組戰績表.xlsx,入門Ｂ組,入門Ｂ組,3,2,P497,10,5,0,58,20,,,1,X,3,O,6,X,10,O,4,O,,,3
入門Ｂ組戰績表.xlsx,入門Ｂ組,入門Ｂ組,4,3,P392,9,8,0,58,31,,,4,X,2,X,8,O,1,X,10,O,,,2
入門Ｂ組戰績表.xlsx,入門Ｂ組,入門Ｂ組,5,4,P045,15,10,0,61,22,,,3,O,1,O,7,X,37↑,X,2,X,,,2
入門Ｂ組戰績表.xlsx,入門Ｂ組,入門Ｂ組,6,5,P376,14,9,0,61,24,,,6,O,7,X,1,O,9,X,13,X,,,2
入門Ｂ組戰績表.xlsx,入門Ｂ組,入門Ｂ組,7,6,P682,11,8,0,56,29,,,5,X,8,O,2,O,11,X,1,X,,,2
入門Ｂ組戰績表.xlsx,入門Ｂ組,入門Ｂ組,8,7,P060,14,10,0,70,12,,,8,O,5,O,4,O,16,X,23↑,X,,,3
入門Ｂ組戰績表.xlsx,入門Ｂ組,入門Ｂ組,9,8,P173,10,10,0,51,40,,,7,X,6,X,3,X,40↑,X,27,X,,,0
入門Ｂ組戰績表.xlsx,入門Ｂ組,入門Ｂ組,10,9,P104,15,9,0,69,9,,,10,O,11,O,16,X,5,O,19,X,,,3
入門Ｂ組戰績表.xlsx,入門Ｂ組,入門Ｂ組,11,10,P427,12,11,0,56,34,,,9,X,12,O,11,X,2,X,3,X,,,1
入門Ｂ組戰績表.xlsx,入門Ｂ組,入門Ｂ組,12,11,P402,11,7,0,62,17,,,12,O,9,X,10,O,6,O,20,X,,,3
入門Ｂ組戰績表.xlsx,入門Ｂ組,入門Ｂ組,13,12,P095,11,9,0,57,35,,,11,X,10,X,15,O,13,X,21,X,,,1
入門Ｂ組戰績表.xlsx,入門Ｂ組,入門Ｂ組,14,13,P455,10,5,0,67,19,,,14,X,15,O,17,X,12,O,5,O,,,3
入門Ｂ組戰績表.xlsx,入門Ｂ組,入門Ｂ組,15,14,P111,16,9,0,66,8,,,13,O,16,X,20,X,21,O,17,O,,,3
入門Ｂ組戰績表.xlsx,入門Ｂ組,入門Ｂ組,16,15,P185,11,9,0,56,26,,,16,X,13,X,12,X,18,O,22,O,,,2
入門Ｂ組戰績表.xlsx,入門Ｂ組,入門Ｂ組,17,16,P438,15,0,0,73,2,加賽,,15,O,14,O,9,O,7,O,37,O,,,5
入門Ｂ組戰績表.xlsx,入門Ｂ組,入門Ｂ組,18,17,P705,15,11,0,66,21,,,18,O,19,X,13,O,20,X,14,X,,,2
入門Ｂ組戰績表.xlsx,入門Ｂ組,入門Ｂ組,19,18,P407,10,9,0,61,37,,,17,X,20,X,22,X,15,X,36↑,O,,,1
入門Ｂ組戰績表.xlsx,入門Ｂ組,入門Ｂ組,20,19,P524,17,5,0,73,3,,,20,O,17,O,23,X,24,O,9,O,,,4
入門Ｂ組戰績表.xlsx,入門Ｂ組,入門Ｂ組,21,20,P703,13,4,0,69,7,,,19,X,18,O,14,O,17,O,11,O,,,4
入門Ｂ組戰績表.xlsx,入門Ｂ組,入門Ｂ組,22,21,P521,13,11,0,67,25,,,22,O,23,X,24,X,14,X,12,O,,,2
入門Ｂ組戰績表.xlsx,入門Ｂ組,入門Ｂ組,23,22,P151,10,9,1,57,36,,,21,X,24,X,18,O,25,X,15,X,,,1
入門Ｂ組戰績表.xlsx,入門Ｂ組,入門Ｂ組,24,23,P090,16,0,0,74,1,加賽,,24,O,21,O,19,O,29,O,7↓,O,,,5
入門Ｂ組戰績表.xlsx,入門Ｂ組,入門Ｂ組,25,24,P064,14,9,0,65,13,,,23,X,22,O,21,O,19,X,25,O,,,3
入門Ｂ組戰績表.xlsx,入門Ｂ組,入門Ｂ組,26,25,P513,9,7,0,56,32,,,26,X,27,O,28,X,22,O,24,X,,,2
入門Ｂ組戰績表.xlsx,入門Ｂ組,入門Ｂ組,27,26,P115,14,10,0,64,23,,,25,O,28,O,29,X,32,X,39,X,,,2
入門Ｂ組戰績表.xlsx,入門Ｂ組,入門Ｂ組,28,27,P477,7,7,0,50,39,,,28,X,25,X,31,X,35,X,8,O,,,1
入門Ｂ組戰績表.xlsx,入門Ｂ組,入門Ｂ組,29,28,P493,11,8,0,57,28,,,27,O,26,X,25,O,33,X,38,X,,,2
入門Ｂ組戰績表.xlsx,入門Ｂ組,入門Ｂ組,30,29,P583,16,5,0,69,5,,,30,O,32,O,26,O,23,X,33,O,,,4
入門Ｂ組戰績表.xlsx,入門Ｂ組,入門Ｂ組,31,30,P451,12,7,0,64,16,,,29,X,31,O,32,X,36,O,40,O,,,3
入門Ｂ組戰績表.xlsx,入門Ｂ組,入門Ｂ組,32,31,P047,11,9,0,56,26,,,32,X,30,X,27,O,39,X,35,O,,,2
入門Ｂ組戰績表.xlsx,入門Ｂ組,入門Ｂ組,33,32,P695,15,8,0,67,10,,,31,O,29,X,30,O,26,O,34,X,,,3
入門Ｂ組戰績表.xlsx,入門Ｂ組,入門Ｂ組,34,33,P568,12,8,0,62,15,,,34,X,35,O,36,O,28,O,29,X,,,3
入門Ｂ組戰績表.xlsx,入門Ｂ組,入門Ｂ組,35,34,P241,14,4,0,71,6,,,33,O,36,O,37,X,38,O,32,O,,,4
入門Ｂ組戰績表.xlsx,入門Ｂ組,入門Ｂ組,36,35,P617,9,8,0,52,38,,,36,X,33,X,40,X,27,O,31,X,,,1
入門Ｂ組戰績表.xlsx,入門Ｂ組,入門Ｂ組,37,36,P573,12,11,0,57,33,,,35,O,34,X,33,X,30,X,18↓,X,,,1
入門Ｂ組戰績表.xlsx,入門Ｂ組,入門Ｂ組,38,37,P585,17,5,0,72,4,,,38,O,39,O,34,O,4↓,O,16,X,,,4
入門Ｂ組戰績表.xlsx,入門Ｂ組,入門Ｂ組,39,38,P213,15,8,0,65,11,,,37,X,40,O,39,O,34,X,28,O,,,3
入門Ｂ組戰績表.xlsx,入門Ｂ組,入門Ｂ組,40,39,P356,13,7,0,67,14,,,40,O,37,X,38,X,31,O,26,O,,,3
入門Ｂ組戰績表.xlsx,入門Ｂ組,入門Ｂ組,41,40,P515,10,9,0,59,30,,,39,X,38,X,35,O,8↓,O,30,X,,,2
六七段組戰績表.xlsx,六七段組,六七段組,2,1,P699,18,13,0,104,29,,,2,X,62↑,X,8,O,7,O,4,X,5,O,3
六七段組戰績表.xlsx,六七段組,六七段組,3,2,P090,22,0,0,133,1,,,1,O,3,O,5,O,15,O,22,O,50,O,6
六七段組戰績表.xlsx,六七段組,六七段組,4,3,P683,21,15,0,110,24,,,4,O,2,X,7,O,5,O,12,X,10,X,3
六七段組戰績表.xlsx,六七段組,六七段組,5,4,P444,15,10,0,102,37,,,3,X,6,O,9,X,58↑,O,1,O,13,X,3
六七段組戰績表.xlsx,六七段組,六七段組,6,5,P198,17,16,0,106,45,,,6,O,7,O,2,X,3,X,60↑,X,1,X,2
六七段組戰績表.xlsx,六七段組,六七段組,7,6,P065,5,5,0,32,62,,,5,X,4,X,棄,,,,,,,,0
六七段組戰績表.xlsx,六七段組,六七段組,8,7,P673,16,14,0,105,57,,,8,O,5,X,3,X,1,X,57↑,X,11,X,1
六七段組戰績表.xlsx,六七段組,六七段組,9,8,P330,14,11,0,98,53,,,7,X,9,X,1,X,17,O,11,O,59↑,X,2
六七段組戰績表.xlsx,六七段組,六七段組,10,9,P382,20,13,0,103,25,,,10,X,8,O,4,O,12,X,13,X,14,O,3
六七段組戰績表.xlsx,六七段組,六七段組,11,10,P642,19,9,0,118,17,,,9,O,12,X,11,O,16,X,14,O,3,O,4
六七段組戰績表.xlsx,六七段組,六七段組,12,11,P190,18,15,0,104,43,,,12,X,14,O,10,X,13,X,8,X,7,O,2
六七段組戰績表.xlsx,六七段組,六七段組,13,12,P611,21,5,0,128,6,,,11,O,10,O,15,X,9,O,3,O,16,O,5
六七段組戰績表.xlsx,六七段組,六七段組,14,13,P030,19,9,0,118,17,,,14,O,15,X,16,X,11,O,9,O,4,O,4
六七段組戰績表.xlsx,六七段組,六七段組,15,14,P070,15,13,0,104,50,,,13,X,11,X,17,O,18,O,10,X,9,X,2
六七段組戰績表.xlsx,六七段組,六七段組,16,15,P245,27,6,0,128,2,,,16,O,13,O,12,O,2,X,19,O,22,O,5
六七段組戰績表.xlsx,六七段組,六七段組,17,16,P301,23,10,0,116,10,,,15,X,17,O,13,O,10,O,20,O,12,X,4
六七段組戰績表.xlsx,六七段組,六七段組,18,17,P015,12,11,0,94,61,,,18,X,16,X,14,X,8,X,23,O,31,X,1
六七段組戰績表.xlsx,六七段組,六七段組,19,18,P616,16,15,0,94,56,,,17,O,20,X,19,X,14,X,21,X,38,X,1
六七段組戰績表.xlsx,六七段組,六七段組,20,19,P222,18,9,0,111,19,,,20,X,21,O,18,O,25,O,15,X,24,O,4
六七段組戰績表.xlsx,六七段組,六七段組,21,20,P440,18,8,0,115,20,,,19,O,18,O,22,X,26,O,16,X,27,O,4
六七段組戰績表.xlsx,六七段組,六七段組,22,21,P609,15,11,0,106,36,,,22,X,19,X,23,O,24,X,18,O,25,O,3
六七段組戰績表.xlsx,六七段組,六七段組,23,22,P646,25,11,0,118,8,,,21,O,24,O,20,O,29,O,2,X,15,X,4
六七段組戰績表.xlsx,六七段組,六七段組,24,23,P361,12,12,0,73,60,,,24,X,26,X,21,X,28,X,17,X,空,O,1
六七段組戰績表.xlsx,六七段組,六七段組,25,24,P290,16,10,0,105,35,,,23,O,22,X,26,X,21,O,25,O,19,X,3
六七段組戰績表.xlsx,六七段組,六七段組,26,25,P576,19,14,0,102,41,,,26,O,27,O,29,X,19,X,24,X,21,X,2
六七段組戰績表.xlsx,六七段組,六七段組,27,26,P719,16,12,0,96,49,,,25,X,23,O,24,O,20,X,27,X,28,X,2
六七段組戰績表.xlsx,六七段組,六七段組,28,27,P092,17,10,0,101,34,,,28,O,25,X,30,X,31,O,26,O,20,X,3
六七段組戰績表.xlsx,六七段組,六七段組,29,28,P177,14,9,0,94,39,,,27,X,30,X,34,X,23,O,31,O,26,O,3
六七段組戰績表.xlsx,六七段組,六七段組,30,29,P086,20,9,0,119,13,,,30,O,32,O,25,O,22,X,37,X,33,O,4
六七段組戰績表.xlsx,六七段組,六七段組,31,30,P498,20,8,0,113,16,,,29,X,28,O,27,O,33,O,41,X,35,O,4
六七段組戰績表.xlsx,六七段組,六七段組,32,31,P380,14,11,0,92,54,,,32,X,34,O,33,X,27,X,28,X,17,O,2
六七段組戰績表.xlsx,六七段組,六七段組,33,32,P288,17,13,0,102,46,,,31,O,29,X,36,X,34,O,33,X,39,X,2
六七段組戰績表.xlsx,六七段組,六七段組,34,33,P174,17,11,0,109,32,,,34,O,35,X,31,O,30,X,32,O,29,X,3
六七段組戰績表.xlsx,六七段組,六七段組,35,34,P431,15,10,0,95,52,,,33,X,31,X,28,O,32,X,38,O,45,X,2
六七段組戰績表.xlsx,六七段組,六七段組,36,35,P565,23,14,0,119,23,,,36,O,33,O,40,X,37,X,39,O,30,X,3
六七段組戰績表.xlsx,六七段組,六七段組,37,36,P654,17,11,0,116,31,,,35,X,38,O,32,O,41,X,46,O,48,X,3
六七段組戰績表.xlsx,六七段組,六七段組,38,37,P661,21,5,0,125,7,,,38,O,40,X,39,O,35,O,29,O,41,O,5
六七段組戰績表.xlsx,六七段組,六七段組,39,38,P084,16,13,0,103,48,,,37,X,36,X,42,O,39,X,34,X,18,O,2
六七段組戰績表.xlsx,六七段組,六七段組,40,39,P311,19,13,0,117,27,,,40,X,42,O,37,X,38,O,35,X,32,O,3
六七段組戰績表.xlsx,六七段組,六七段組,41,40,P644,25,5,0,135,4,,,39,O,37,O,35,O,43,O,50,X,60,O,5
六七段組戰績表.xlsx,六七段組,六七段組,42,41,P639,22,10,0,113,12,,,42,O,43,X,45,O,36,O,30,O,37,X,4
六七段組戰績表.xlsx,六七段組,六七段組,43,42,P160,15,12,0,100,51,,,41,X,39,X,38,X,44,O,45,X,55,O,2
六七段組戰績表.xlsx,六七段組,六七段組,44,43,P422,23,5,0,122,5,,,44,O,41,O,48,O,40,X,49,O,62,O,5
六七段組戰績表.xlsx,六七段組,六七段組,45,44,P338,13,12,0,89,55,,,43,X,46,X,47,X,42,X,空,O,61,O,2
六七段組戰績表.xlsx,六七段組,六七段組,46,45,P007,17,11,0,108,33,,,46,O,48,X,41,X,47,X,42,O,34,O,3
六七段組戰績表.xlsx,六七段組,六七段組,47,46,P547,18,13,0,102,44,,,45,X,44,O,49,X,52,O,36,X,47,X,2
六七段組戰績表.xlsx,六七段組,六七段組,48,47,P679,18,11,0,110,30,,,48,X,49,X,44,O,45,O,51,X,46,O,3
六七段組戰績表.xlsx,六七段組,六七段組,49,48,P501,20,9,0,116,14,,,47,O,45,O,43,X,49,X,58,O,36,O,4
六七段組戰績表.xlsx,六七段組,六七段組,50,49,P577,22,10,0,124,11,,,50,X,47,O,46,O,48,O,43,X,51,O,4
六七段組戰績表.xlsx,六七段組,六七段組,51,50,P131,25,6,0,132,3,,,49,O,51,O,56,O,60,O,40,O,2,X,5
六七段組戰績表.xlsx,六七段組,六七段組,52,51,P562,20,12,0,116,26,,,52,O,50,X,54,O,56,X,47,O,49,X,3
六七段組戰績表.xlsx,六七段組,六七段組,53,52,P434,15,9,0,98,38,,,51,X,53,O,57,X,46,X,55,O,54,O,3
六七段組戰績表.xlsx,六七段組,六七段組,54,53,P630,13,9,0,93,40,,,54,X,52,X,55,O,59,X,61,O,58,O,3
六七段組戰績表.xlsx,六七段組,六七段組,55,54,P204,17,13,0,96,47,,,53,O,56,X,51,X,61,O,59,X,52,X,2
六七段組戰績表.xlsx,六七段組,六七段組,56,55,P230,13,13,0,81,59,,,56,X,58,X,53,X,空,O,52,X,42,X,1
六七段組戰績表.xlsx,六七段組,六七段組,57,56,P650,19,13,0,112,28,,,55,O,54,O,50,X,51,O,62,X,57,X,3
六七段組戰績表.xlsx,六七段組,六七段組,58,57,P144,17,8,0,113,21,,,58,O,60,X,52,O,62,X,7↓,O,56,O,4
六七段組戰績表.xlsx,六七段組,六七段組,59,58,P197,19,14,0,92,42,,,57,X,55,O,59,O,4↓,X,48,X,53,X,2
六七段組戰績表.xlsx,六七段組,六七段組,60,59,P563,14,6,0,102,22,,,60,X,61,O,58,X,53,O,54,O,8↓,O,4
六七段組戰績表.xlsx,六七段組,六七段組,61,60,P046,24,10,0,118,9,,,59,O,57,O,62,O,50,X,5↓,O,40,X,4
六七段組戰績表.xlsx,六七段組,六七段組,62,61,P231,15,15,0,77,58,,,62,X,59,X,空,O,54,X,53,X,44,X,1
六七段組戰績表.xlsx,六七段組,六七段組,63,62,P347,20,9,0,116,14,,,61,O,1↓,O,60,X,57,O,56,O,43,X,4
初段組戰績表.xlsx,初段組,初段組,2,1,P344,17,10,0,65,8,,,2,O,4,O,5,O,10,X,18↑,X,,,3
初段組戰績表.xlsx,初段組,初段組,3,2,P710,11,10,0,57,35,,,1,X,3,X,6,O,8,X,38↑,X,,,1
初段組戰績表.xlsx,初段組,初段組,4,3,P397,10,8,0,59,31,,,4,X,2,O,7,X,9,X,6,O,,,2
初段組戰績表.xlsx,初段組,初段組,5,4,P138,13,7,0,64,15,,,3,O,1,X,8,O,34↑,X,7,O,,,3
初段組戰績表.xlsx,初段組,初段組,6,5,P323,12,7,0,65,17,,,6,O,8,O,1,X,7,O,11,X,,,3
初段組戰績表.xlsx,初段組,初段組,7,6,P221,10,8,0,56,37,,,5,X,7,X,2,X,36↑,O,3,X,,,1
初段組戰績表.xlsx,初段組,初段組,8,7,P519,11,8,0,57,30,,,8,X,6,O,3,O,5,X,4,X,,,2
初段組戰績表.xlsx,初段組,初段組,9,8,P610,12,9,0,61,26,,,7,O,5,X,4,X,2,O,9,X,,,2
初段組戰績表.xlsx,初段組,初段組,10,9,P275,14,9,0,67,14,,,10,X,12,O,11,X,3,O,8,O,,,3
初段組戰績表.xlsx,初段組,初段組,11,10,P067,17,0,0,77,2,加賽,二段,9,O,11,O,13,O,1,O,34,O,,,5
初段組戰績表.xlsx,初段組,初段組,12,11,P489,15,5,0,73,3,,二段,12,O,10,X,9,O,13,O,5,O,,,4
初段組戰績表.xlsx,初段組,初段組,13,12,P333,13,12,0,55,33,,,11,X,9,X,15,O,16,X,19,X,,,1
初段組戰績表.xlsx,初段組,初段組,14,13,P166,17,9,0,69,10,,,14,O,16,O,10,X,11,X,17,O,,,3
初段組戰績表.xlsx,初段組,初段組,15,14,P433,13,7,0,61,16,,,13,X,15,O,16,O,17,O,25,X,,,3
初段組戰績表.xlsx,初段組,初段組,16,15,P619,9,9,0,55,38,,,16,X,14,X,12,X,19,X,28,O,,,1
初段組戰績表.xlsx,初段組,初段組,17,16,P596,10,6,0,63,19,,,15,O,13,X,14,X,12,O,21,O,,,3
初段組戰績表.xlsx,初段組,初段組,18,17,P672,14,11,0,62,22,,,18,X,19,O,20,O,14,X,13,X,,,2
初段組戰績表.xlsx,初段組,初段組,19,18,P700,12,0,0,76,1,加賽,二段,17,O,20,O,22,O,29,O,1↓,O,,,5
初段組戰績表.xlsx,初段組,初段組,20,19,P112,7,5,0,60,32,,,20,X,17,X,21,X,15,O,12,O,,,2
初段組戰績表.xlsx,初段組,初段組,21,20,P647,13,11,0,56,34,,,19,O,18,X,17,X,21,X,23,X,,,1
初段組戰績表.xlsx,初段組,初段組,22,21,P463,11,8,0,58,29,,,22,X,24,X,19,O,20,O,16,X,,,2
初段組戰績表.xlsx,初段組,初段組,23,22,P201,15,9,0,59,13,,,21,O,23,O,18,X,25,X,24,O,,,3
初段組戰績表.xlsx,初段組,初段組,24,23,P110,12,9,0,64,25,,,24,O,22,X,25,X,30,X,20,O,,,2
初段組戰績表.xlsx,初段組,初段組,25,24,P641,13,9,0,59,23,,,23,X,21,O,27,X,33,O,22,X,,,2
初段組戰績表.xlsx,初段組,初段組,26,25,P648,11,3,0,69,6,,二段,26,X,28,O,23,O,22,O,14,O,,,4
初段組戰績表.xlsx,初段組,初段組,27,26,P476,17,7,0,64,11,,,25,O,27,O,29,X,31,X,30,O,,,3
初段組戰績表.xlsx,初段組,初段組,28,27,P469,10,3,0,73,7,,二段,28,O,26,X,24,O,37,O,32,O,,,4
初段組戰績表.xlsx,初段組,初段組,29,28,P688,12,12,0,50,40,,,27,X,25,X,30,X,40,X,15,X,,,0
初段組戰績表.xlsx,初段組,初段組,30,29,P184,17,9,0,71,9,,,30,O,32,O,26,O,18,X,31,X,,,3
初段組戰績表.xlsx,初段組,初段組,31,30,P101,12,10,0,72,24,,,29,X,31,X,28,O,23,O,26,X,,,2
初段組戰績表.xlsx,初段組,初段組,32,31,P634,14,3,0,73,5,,二段,32,X,30,O,35,O,26,O,29,O,,,4
初段組戰績表.xlsx,初段組,初段組,33,32,P035,16,7,0,61,12,,,31,O,29,X,36,O,38,O,27,X,,,3
初段組戰績表.xlsx,初段組,初段組,34,33,P003,11,9,0,57,28,,,34,X,35,X,40,O,24,X,39,O,,,2
初段組戰績表.xlsx,初段組,初段組,35,34,P633,14,5,0,68,4,,二段,33,O,36,O,37,O,4↓,O,10,X,,,4
初段組戰績表.xlsx,初段組,初段組,36,35,P036,11,6,0,63,18,,,36,X,33,O,31,X,39,O,37,O,,,3
初段組戰績表.xlsx,初段組,初段組,37,36,P039,12,8,0,59,27,,,35,O,34,X,32,X,6↓,X,40,O,,,2
初段組戰績表.xlsx,初段組,初段組,38,37,P285,15,11,0,54,21,,,38,O,39,O,34,X,27,X,35,X,,,2
初段組戰績表.xlsx,初段組,初段組,39,38,P129,8,5,0,61,20,,,37,X,40,O,39,O,32,X,2↓,O,,,3
初段組戰績表.xlsx,初段組,初段組,40,39,P251,11,10,0,53,36,,,40,O,37,X,38,X,35,X,33,X,,,1
初段組戰績表.xlsx,初段組,初段組,41,40,P116,8,8,0,54,39,,,39,X,38,X,33,X,28,O,36,X,,,1
四段組戰績表.xlsx,四段組,四段組,2,1,P120,15,12,0,111,54,,,2,X,65↑,X,8,X,14,O,6,O,5,X,2
四段組戰績表.xlsx,四段組,四段組,3,2,P459,22,9,0,120,12,,,1,O,4,O,7,X,5,O,11,X,47↑,O,4
四段組戰績表.xlsx,四段組,四段組,4,3,P216,16,6,0,114,21,,,4,X,6,X,66↑,O,8,O,9,O,10,O,4
四段組戰績表.xlsx,四段組,四段組,5,4,P526,23,9,0,124,10,,,3,O,2,X,62↑,O,10,O,16,O,7,X,4
四段組戰績表.xlsx,四段組,四段組,6,5,P677,21,14,0,115,27,,,6,O,7,X,9,O,2,X,56↑,X,1,O,3
四段組戰績表.xlsx,四段組,四段組,7,6,P417,19,14,0,102,47,,,5,X,3,O,11,X,63↑,X,1,X,12,O,2
四段組戰績表.xlsx,四段組,四段組,8,7,P186,23,5,0,126,2,,五段,8,O,5,O,2,O,16,O,25,X,4,O,5
四段組戰績表.xlsx,四段組,四段組,9,8,P261,19,12,0,102,32,,,7,X,9,X,1,O,3,X,61↑,O,13,O,3
四段組戰績表.xlsx,四段組,四段組,10,9,P589,16,10,0,109,39,,,10,X,8,O,5,X,12,O,3,X,15,O,3
四段組戰績表.xlsx,四段組,四段組,11,10,P621,21,12,0,107,29,,,9,O,11,O,16,X,4,X,13,O,3,X,3
四段組戰績表.xlsx,四段組,四段組,12,11,P588,17,8,0,109,19,,,12,O,10,X,6,O,13,O,2,O,18,X,4
四段組戰績表.xlsx,四段組,四段組,13,12,P264,14,13,0,89,64,,,11,X,14,O,13,X,9,X,19,X,6,X,1
四段組戰績表.xlsx,四段組,四段組,14,13,P337,16,14,0,99,50,,,14,O,16,X,12,O,11,X,10,X,8,X,2
四段組戰績表.xlsx,四段組,四段組,15,14,P479,9,9,0,89,65,,,13,X,12,X,15,X,1,X,32,X,40,O,1
四段組戰績表.xlsx,四段組,四段組,16,15,P126,18,15,0,94,49,,,16,X,18,X,14,O,19,O,17,X,9,X,2
四段組戰績表.xlsx,四段組,四段組,17,16,P615,19,9,0,122,16,,,15,O,13,O,10,O,7,X,4,X,17,O,4
四段組戰績表.xlsx,四段組,四段組,18,17,P357,21,11,0,112,30,,,18,O,20,O,24,X,23,X,15,O,16,X,3
四段組戰績表.xlsx,四段組,四段組,19,18,P505,17,3,0,115,7,,,17,X,15,O,20,O,28,O,23,O,11,O,5
四段組戰績表.xlsx,四段組,四段組,20,19,P210,12,10,0,99,59,,,20,X,22,X,26,O,15,X,12,O,21,X,2
四段組戰績表.xlsx,四段組,四段組,21,20,P242,17,11,0,105,36,,,19,O,17,X,18,X,21,X,22,O,28,O,3
四段組戰績表.xlsx,四段組,四段組,22,21,P192,18,11,0,100,35,,,22,O,24,X,23,X,20,O,27,X,19,O,3
四段組戰績表.xlsx,四段組,四段組,23,22,P188,15,12,0,101,55,,,21,X,19,O,28,X,27,X,20,X,26,O,2
四段組戰績表.xlsx,四段組,四段組,24,23,P558,20,13,0,109,31,,,24,X,26,O,21,O,17,O,18,X,27,X,3
四段組戰績表.xlsx,四段組,四段組,25,24,P014,21,9,0,125,14,,,23,O,21,O,17,O,25,X,31,X,29,O,4
四段組戰績表.xlsx,四段組,四段組,26,25,P351,22,6,0,127,3,,五段,26,O,28,O,31,O,24,O,7,O,60,X,5
四段組戰績表.xlsx,四段組,四段組,27,26,P258,17,15,0,96,60,,,25,X,23,X,19,X,32,O,33,X,22,X,1
四段組戰績表.xlsx,四段組,四段組,28,27,P716,15,5,0,110,23,,,28,X,29,X,32,O,22,O,21,O,23,O,4
四段組戰績表.xlsx,四段組,四段組,29,28,P686,22,16,0,107,44,,,27,O,25,X,22,O,18,X,29,X,20,X,2
四段組戰績表.xlsx,四段組,四段組,30,29,P491,21,12,0,112,28,,,30,X,27,O,33,O,31,X,28,O,24,X,3
四段組戰績表.xlsx,四段組,四段組,31,30,P332,18,7,0,112,17,,,29,O,31,X,34,O,35,X,36,O,38,O,4
四段組戰績表.xlsx,四段組,四段組,32,31,P303,23,10,0,115,9,,,32,O,30,O,25,X,29,O,24,O,39,X,4
四段組戰績表.xlsx,四段組,四段組,33,32,P130,14,12,0,91,58,,,31,X,33,X,27,X,26,X,14,O,42,O,2
四段組戰績表.xlsx,四段組,四段組,34,33,P503,13,8,0,104,43,,,34,X,32,O,29,X,36,X,26,O,37,O,3
四段組戰績表.xlsx,四段組,四段組,35,34,P437,15,9,0,99,42,,,33,O,35,X,30,X,41,X,42,O,36,O,3
四段組戰績表.xlsx,四段組,四段組,36,35,P328,22,13,0,100,26,,,36,O,34,O,39,X,30,O,44,X,46,X,3
四段組戰績表.xlsx,四段組,四段組,37,36,P472,16,13,0,95,51,,,35,X,38,X,40,O,33,O,30,X,34,X,2
四段組戰績表.xlsx,四段組,四段組,38,37,P652,21,16,0,95,46,,,38,O,39,X,41,O,44,X,46,X,33,X,2
四段組戰績表.xlsx,四段組,四段組,39,38,P327,15,10,0,106,41,,,37,X,36,O,42,O,47,X,41,O,30,X,3
四段組戰績表.xlsx,四段組,四段組,40,39,P429,19,6,0,124,5,,五段,40,O,37,O,35,O,45,O,60,X,31,O,5
四段組戰績表.xlsx,四段組,四段組,41,40,P478,12,12,0,88,66,,,39,X,42,X,36,X,43,X,59,X,14,X,0
四段組戰績表.xlsx,四段組,四段組,42,41,P622,16,12,0,98,52,,,42,O,44,X,37,X,34,O,38,X,48,X,2
四段組戰績表.xlsx,四段組,四段組,43,42,P040,14,14,0,87,63,,,41,X,40,O,38,X,46,X,34,X,32,X,1
四段組戰績表.xlsx,四段組,四段組,44,43,P601,15,15,0,89,62,,,44,X,46,X,49,X,40,O,48,X,59,X,1
四段組戰績表.xlsx,四段組,四段組,45,44,P618,17,9,0,119,18,,,43,O,41,O,45,X,37,O,35,O,56,X,4
四段組戰績表.xlsx,四段組,四段組,46,45,P649,25,10,0,109,8,,,46,O,47,O,44,O,39,X,50,O,63,X,4
四段組戰績表.xlsx,四段組,四段組,47,46,P117,15,8,0,118,22,,,45,X,43,O,47,X,42,O,37,O,35,O,4
四段組戰績表.xlsx,四段組,四段組,48,47,P017,21,8,0,116,15,,,48,O,45,X,46,O,38,O,51,O,2↓,X,4
四段組戰績表.xlsx,四段組,四段組,49,48,P520,16,11,0,101,38,,,47,X,49,O,50,X,52,X,43,O,41,O,3
四段組戰績表.xlsx,四段組,四段組,50,49,P607,14,12,0,99,57,,,50,X,48,X,43,O,57,X,64,X,66,O,2
四段組戰績表.xlsx,四段組,四段組,51,50,P220,18,11,0,114,34,,,49,O,51,X,48,O,54,O,45,X,52,X,3
四段組戰績表.xlsx,四段組,四段組,52,51,P238,23,14,0,118,24,,,52,O,50,O,54,O,60,X,47,X,55,X,3
四段組戰績表.xlsx,四段組,四段組,53,52,P200,17,7,0,113,20,,,51,X,53,O,55,X,48,O,54,O,50,O,4
四段組戰績表.xlsx,四段組,四段組,54,53,P145,15,12,0,101,55,,,54,X,52,X,57,X,59,O,66,O,61,X,2
四段組戰績表.xlsx,四段組,四段組,55,54,P436,19,13,0,113,48,,,53,O,55,O,51,X,50,X,52,X,57,X,2
四段組戰績表.xlsx,四段組,四段組,56,55,P367,22,7,0,121,13,,,56,O,54,X,52,O,62,O,63,X,51,O,4
四段組戰績表.xlsx,四段組,四段組,57,56,P283,20,4,0,121,4,,五段,55,X,57,O,58,O,65,O,5↓,O,44,O,5
四段組戰績表.xlsx,四段組,四段組,58,57,P449,18,12,0,113,33,,,58,X,56,X,53,O,49,O,62,X,54,O,3
四段組戰績表.xlsx,四段組,四段組,59,58,P075,22,11,0,119,11,,,57,O,60,X,56,X,64,O,65,O,62,O,4
四段組戰績表.xlsx,四段組,四段組,60,59,P270,15,14,0,95,53,,,60,X,61,X,64,X,53,X,40,O,43,O,2
四段組戰績表.xlsx,四段組,四段組,61,60,P127,21,0,0,122,1,,五段,59,O,58,O,65,O,51,O,39,O,25,O,6
四段組戰績表.xlsx,四段組,四段組,62,61,P293,16,11,0,107,37,,,62,X,59,O,63,X,66,O,8↓,X,53,O,3
四段組戰績表.xlsx,四段組,四段組,63,62,P165,23,12,0,120,25,,,61,O,63,O,4↓,X,55,X,57,O,58,X,3
四段組戰績表.xlsx,四段組,四段組,64,63,P203,19,3,0,121,6,,五段,64,O,62,X,61,O,6↓,O,55,O,45,O,5
四段組戰績表.xlsx,四段組,四段組,65,64,P057,16,10,0,107,40,,,63,X,66,X,59,O,58,X,49,O,65,O,3
四段組戰績表.xlsx,四段組,四段組,66,65,P613,21,18,0,110,45,,,66,O,1↓,O,60,X,56,X,58,X,64,X,2
四段組戰績表.xlsx,四段組,四段組,67,66,P171,16,13,0,98,61,,,65,X,64,O,3↓,X,61,X,53,X,49,X,1
己組戰績表.xlsx,己組,己組,2,1,P675,12,8,0,66,20,,,2,X,3,X,26↑,O,10,X,5,O,,,2
己組戰績表.xlsx,己組,己組,3,2,P500,15,7,0,62,7,,,1,O,4,O,8,X,6,O,14,X,,,3
己組戰績表.xlsx,己組,己組,4,3,P109,15,12,0,67,15,,,4,X,1,O,28↑,X,11,O,9,X,,,2
己組戰績表.xlsx,己組,己組,5,4,P567,12,3,0,68,5,,,3,O,2,X,5,O,9,O,8,O,,,4
己組戰績表.xlsx,己組,己組,6,5,P321,11,11,0,59,26,,,6,X,7,O,4,X,25↑,X,1,X,,,1
己組戰績表.xlsx,己組,己組,7,6,P414,14,10,0,62,16,,,5,O,8,X,10,O,2,X,24↑,X,,,2
己組戰績表.xlsx,己組,己組,8,7,P079,9,9,0,53,28,,,8,X,5,X,12,X,27↑,X,16,X,,,0
己組戰績表.xlsx,己組,己組,9,8,P118,13,8,0,67,10,,,7,O,6,O,2,O,13,X,4,X,,,3
己組戰績表.xlsx,己組,己組,10,9,P355,14,8,0,69,8,,,10,O,11,O,13,X,4,X,3,O,,,3
己組戰績表.xlsx,己組,己組,11,10,P159,11,5,0,62,14,,,9,X,12,O,6,X,1,O,19,O,,,3
己組戰績表.xlsx,己組,己組,12,11,P709,14,12,0,60,23,,,12,O,9,X,14,X,3,X,21↑,X,,,1
己組戰績表.xlsx,己組,己組,13,12,P623,9,7,0,56,22,,,11,X,10,X,7,O,15,O,20,X,,,2
己組戰績表.xlsx,己組,己組,14,13,P543,17,5,0,63,2,,,14,O,15,O,9,O,8,O,28,X,,,4
己組戰績表.xlsx,己組,己組,15,14,P199,11,4,0,67,6,,,13,X,16,O,11,O,19,O,2,O,,,4
己組戰績表.xlsx,己組,己組,16,15,P341,10,8,0,59,21,,,16,O,13,X,19,X,12,X,17,O,,,2
己組戰績表.xlsx,己組,己組,17,16,P694,8,8,0,54,27,,,15,X,14,X,17,X,23,X,7,O,,,1
己組戰績表.xlsx,己組,己組,18,17,P108,12,11,0,59,24,,,18,X,19,X,16,O,20,X,15,X,,,1
己組戰績表.xlsx,己組,己組,19,18,P139,16,5,0,63,3,,,17,O,20,O,24,O,28,X,25,O,,,4
己組戰績表.xlsx,己組,己組,20,19,P289,13,10,0,56,18,,,20,X,17,O,15,O,14,X,10,X,,,2
己組戰績表.xlsx,己組,己組,21,20,P482,12,7,0,61,12,,,19,O,18,X,21,X,17,O,12,O,,,3
己組戰績表.xlsx,己組,己組,22,21,P712,11,6,0,64,13,,,22,X,23,O,20,O,24,X,11↓,O,,,3
己組戰績表.xlsx,己組,己組,23,22,P134,14,10,0,61,17,,,21,O,24,X,25,X,26,X,23,O,,,2
己組戰績表.xlsx,己組,己組,24,23,P107,12,11,0,57,25,,,24,X,21,X,27,X,16,O,22,X,,,1
己組戰績表.xlsx,己組,己組,25,24,P525,12,4,0,67,4,,,23,O,22,O,18,X,21,O,6↓,O,,,4
己組戰績表.xlsx,己組,己組,26,25,P488,12,7,0,67,11,,,26,X,27,O,22,O,5↓,O,18,X,,,3
己組戰績表.xlsx,己組,己組,27,26,P208,14,7,0,65,9,,,25,O,28,X,1↓,X,22,O,27,O,,,3
己組戰績表.xlsx,己組,己組,28,27,P403,12,11,0,62,19,,,28,X,25,X,23,O,7↓,O,26,X,,,2
己組戰績表.xlsx,己組,己組,29,28,P495,15,0,0,74,1,,,27,O,26,O,3↓,O,18,O,13,O,,,5
幼幼組戰績表.xlsx,幼幼組,幼幼組,2,1,P424,7,6,0,29,12,,,2,X,14↑,X,3,O,8,X,,,,,1
幼幼組戰績表.xlsx,幼幼組,幼幼組,3,2,P481,9,8,0,28,10,,,1,O,4,X,6,X,11↑,X,,,,,1
幼幼組戰績表.xlsx,幼幼組,幼幼組,4,3,P606,6,6,0,29,13,,,4,X,6,X,1,X,12,O,,,,,1
幼幼組戰績表.xlsx,幼幼組,幼幼組,5,4,P512,8,4,0,37,2,,,3,O,2,O,5,O,10,X,,,,,3
幼幼組戰績表.xlsx,幼幼組,幼幼組,6,5,P010,11,6,0,31,6,,,6,O,7,O,4,X,14,X,,,,,2
幼幼組戰績表.xlsx,幼幼組,幼幼組,7,6,P324,7,5,0,34,8,,,5,X,3,O,2,O,7,X,,,,,2
幼幼組戰績表.xlsx,幼幼組,幼幼組,8,7,P006,8,2,0,34,4,,,8,O,5,X,9,O,6,O,,,,,3
幼幼組戰績表.xlsx,幼幼組,幼幼組,9,8,P253,6,5,0,32,9,,,7,X,9,X,12,O,1,O,,,,,2
幼幼組戰績表.xlsx,幼幼組,幼幼組,10,9,P632,10,7,0,33,7,,,10,X,8,O,7,X,13,O,,,,,2
幼幼組戰績表.xlsx,幼幼組,幼幼組,11,10,P391,11,0,0,32,1,,,9,O,11,O,14,O,4,O,,,,,4
幼幼組戰績表.xlsx,幼幼組,幼幼組,12,11,P051,6,4,0,35,5,,,12,O,10,X,13,O,2↓,O,,,,,3
幼幼組戰績表.xlsx,幼幼組,幼幼組,13,12,P228,7,7,0,26,14,,,11,X,13,X,8,X,3,X,,,,,0
幼幼組戰績表.xlsx,幼幼組,幼幼組,14,13,P016,8,8,0,31,11,,,14,X,12,O,11,X,9,X,,,,,1
幼幼組戰績表.xlsx,幼幼組,幼幼組,15,14,P681,8,4,0,37,2,,,13,O,1↓,O,10,X,5,O,,,,,3
戊Ａ組戰績表.xlsx,戊Ａ組,戊Ａ組,2,1,P468,17,12,0,60,20,,,2,O,4,O,7,X,34↑,X,5,X,,,2
戊Ａ組戰績表.xlsx,戊Ａ組,戊Ａ組,3,2,P284,8,4,0,67,19,,丁組,1,X,35↑,X,3,O,9,O,6,O,,,3
戊Ａ組戰績表.xlsx,戊Ａ組,戊Ａ組,4,3,P243,9,9,0,40,36,,,4,X,6,X,2,X,30↑,X,空,O,,,1
戊Ａ組戰績表.xlsx,戊Ａ組,戊Ａ組,5,4,P470,10,8,0,66,29,,,3,O,1,X,5,X,33↑,X,8,O,,,2
戊Ａ組戰績表.xlsx,戊Ａ組,戊Ａ組,6,5,P349,13,7,0,64,14,,丁組,6,O,7,X,4,O,10,X,1,O,,,3
戊Ａ組戰績表.xlsx,戊Ａ組,戊Ａ組,7,6,P102,11,9,0,55,26,,,5,X,3,O,9,O,11,X,2,X,,,2
戊Ａ組戰績表.xlsx,戊Ａ組,戊Ａ組,8,7,P281,14,5,0,72,3,,丁組,8,O,5,O,1,O,16,O,34,X,,,4
戊Ａ組戰績表.xlsx,戊Ａ組,戊Ａ組,9,8,P400,11,11,0,57,34,,,7,X,10,X,12,X,17,O,4,X,,,1
戊Ａ組戰績表.xlsx,戊Ａ組,戊Ａ組,10,9,P072,13,10,0,52,33,,,10,O,11,X,6,X,2,X,12,X,,,1
戊Ａ組戰績表.xlsx,戊Ａ組,戊Ａ組,11,10,P655,12,6,0,60,16,,丁組,9,X,8,O,13,O,5,O,18↑,X,,,3
戊Ａ組戰績表.xlsx,戊Ａ組,戊Ａ組,12,11,P516,12,7,0,59,15,,丁組,12,O,9,O,16,X,6,O,21,X,,,3
戊Ａ組戰績表.xlsx,戊Ａ組,戊Ａ組,13,12,P156,9,7,0,63,30,,,11,X,14,X,8,O,13,X,9,O,,,2
戊Ａ組戰績表.xlsx,戊Ａ組,戊Ａ組,14,13,P668,13,9,0,59,24,,,14,O,16,X,10,X,12,O,15,X,,,2
戊Ａ組戰績表.xlsx,戊Ａ組,戊Ａ組,15,14,P464,14,9,0,58,23,,,13,X,12,O,15,O,21,X,22,X,,,2
戊Ａ組戰績表.xlsx,戊Ａ組,戊Ａ組,16,15,P271,8,5,0,70,18,,丁組,16,X,17,O,14,X,19,O,13,O,,,3
戊Ａ組戰績表.xlsx,戊Ａ組,戊Ａ組,17,16,P587,16,8,0,60,11,,丁組,15,O,13,O,11,O,7,X,24,X,,,3
戊Ａ組戰績表.xlsx,戊Ａ組,戊Ａ組,18,17,P375,12,12,0,51,37,,,18,X,15,X,20,X,8,X,25↑,X,,,0
戊Ａ組戰績表.xlsx,戊Ａ組,戊Ａ組,19,18,P473,10,0,0,75,2,加賽,丁組,17,O,19,O,22,O,28,O,10↓,O,,,5
戊Ａ組戰績表.xlsx,戊Ａ組,戊Ａ組,20,19,P257,15,14,0,46,32,,,20,O,18,X,21,X,15,X,27,X,,,1
戊Ａ組戰績表.xlsx,戊Ａ組,戊Ａ組,21,20,P193,10,10,0,61,35,,,19,X,21,X,17,O,23,X,36,X,,,1
戊Ａ組戰績表.xlsx,戊Ａ組,戊Ａ組,22,21,P212,10,3,0,69,7,,丁組,22,X,20,O,19,O,14,O,11,O,,,4
戊Ａ組戰績表.xlsx,戊Ａ組,戊Ａ組,23,22,P137,18,9,0,61,8,,丁組,21,O,23,O,18,X,24,X,14,O,,,3
戊Ａ組戰績表.xlsx,戊Ａ組,戊Ａ組,24,23,P280,14,7,0,69,12,,丁組,24,O,22,X,26,X,20,O,29,O,,,3
戊Ａ組戰績表.xlsx,戊Ａ組,戊Ａ組,25,24,P363,13,3,0,74,5,,丁組,23,X,25,O,29,O,22,O,16,O,,,4
戊Ａ組戰績表.xlsx,戊Ａ組,戊Ａ組,26,25,P418,12,10,0,61,25,,,26,X,24,X,27,O,29,X,17↓,O,,,2
戊Ａ組戰績表.xlsx,戊Ａ組,戊Ａ組,27,26,P031,14,3,0,74,4,,丁組,25,O,28,X,23,O,31,O,33,O,,,4
戊Ａ組戰績表.xlsx,戊Ａ組,戊Ａ組,28,27,P399,8,7,0,56,31,,,28,X,30,X,25,X,空,O,19,O,,,2
戊Ａ組戰績表.xlsx,戊Ａ組,戊Ａ組,29,28,P692,18,9,0,58,9,,丁組,27,O,26,O,31,O,18,X,37,X,,,3
戊Ａ組戰績表.xlsx,戊Ａ組,戊Ａ組,30,29,P354,14,10,0,64,22,,,30,O,31,X,24,X,25,O,23,X,,,2
戊Ａ組戰績表.xlsx,戊Ａ組,戊Ａ組,31,30,P502,11,8,0,61,27,,,29,X,27,O,33,X,3↓,O,31,X,,,2
戊Ａ組戰績表.xlsx,戊Ａ組,戊Ａ組,32,31,P443,14,7,0,67,13,,丁組,32,O,29,O,28,X,26,X,30,O,,,3
戊Ａ組戰績表.xlsx,戊Ａ組,戊Ａ組,33,32,P535,10,6,0,57,17,,丁組,31,X,33,X,空,O,36,O,35,O,,,3
戊Ａ組戰績表.xlsx,戊Ａ組,戊Ａ組,34,33,P224,16,9,0,60,10,,丁組,34,X,32,O,30,O,4↓,O,26,X,,,3
戊Ａ組戰績表.xlsx,戊Ａ組,戊Ａ組,35,34,P612,15,0,0,76,1,加賽,丁組,33,O,37,O,35,O,1↓,O,7,O,,,5
戊Ａ組戰績表.xlsx,戊Ａ組,戊Ａ組,36,35,P274,17,12,0,55,21,,,36,O,2↓,O,34,X,37,X,32,X,,,2
戊Ａ組戰績表.xlsx,戊Ａ組,戊Ａ組,37,36,P256,10,9,0,49,28,,丁組,35,X,空,O,37,X,32,X,20,O,,,2
戊Ａ組戰績表.xlsx,戊Ａ組,戊Ａ組,38,37,P560,12,5,0,60,6,,丁組,空,O,34,X,36,O,35,O,28,O,,,4
戊Ｂ組戰績表.xlsx,戊Ｂ組,戊Ｂ組,2,1,P448,15,10,0,62,19,,,2,O,4,X,5,X,30↑,O,7,X,,,2
戊Ｂ組戰績表.xlsx,戊Ｂ組,戊Ｂ組,3,2,P552,14,9,0,60,21,,,1,X,32↑,O,7,O,4,X,8,X,,,2
戊Ｂ組戰績表.xlsx,戊Ｂ組,戊Ｂ組,4,3,P379,12,10,0,59,22,,,4,X,5,X,10,O,7,X,11,O,,,2
戊Ｂ組戰績表.xlsx,戊Ｂ組,戊Ｂ組,5,4,P540,12,3,0,72,6,,丁組,3,O,1,O,6,X,2,O,5,O,,,4
戊Ｂ組戰績表.xlsx,戊Ｂ組,戊Ｂ組,6,5,P073,13,7,0,69,10,,丁組,6,X,3,O,1,O,9,O,4,X,,,3
戊Ｂ組戰績表.xlsx,戊Ｂ組,戊Ｂ組,7,6,P023,18,8,0,67,7,,丁組,5,O,7,O,4,O,15,X,13,X,,,3
戊Ｂ組戰績表.xlsx,戊Ｂ組,戊Ｂ組,8,7,P158,12,5,0,68,14,,丁組,8,O,6,X,2,X,3,O,1,O,,,3
戊Ｂ組戰績表.xlsx,戊Ｂ組,戊Ｂ組,9,8,P054,9,5,0,60,17,,丁組,7,X,10,O,9,X,11,O,2,O,,,3
戊Ｂ組戰績表.xlsx,戊Ｂ組,戊Ｂ組,10,9,P676,12,8,0,54,25,,,10,O,12,X,8,O,5,X,14,X,,,2
戊Ｂ組戰績表.xlsx,戊Ｂ組,戊Ｂ組,11,10,P291,8,8,0,46,32,,,9,X,8,X,3,X,17,X,空,O,,,1
戊Ｂ組戰績表.xlsx,戊Ｂ組,戊Ｂ組,12,11,P263,14,11,0,58,29,,,12,X,14,O,13,X,8,X,3,X,,,1
戊Ｂ組戰績表.xlsx,戊Ｂ組,戊Ｂ組,13,12,P653,14,11,0,68,20,,,11,O,9,O,15,X,13,X,16,X,,,2
戊Ｂ組戰績表.xlsx,戊Ｂ組,戊Ｂ組,14,13,P697,13,4,0,73,4,,丁組,14,O,15,X,11,O,12,O,6,O,,,4
戊Ｂ組戰績表.xlsx,戊Ｂ組,戊Ｂ組,15,14,P553,10,5,0,63,16,,丁組,13,X,11,X,17,O,19,O,9,O,,,3
戊Ｂ組戰績表.xlsx,戊Ｂ組,戊Ｂ組,16,15,P063,17,5,0,73,2,,丁組,16,O,13,O,12,O,6,O,25,X,,,4
戊Ｂ組戰績表.xlsx,戊Ｂ組,戊Ｂ組,17,16,P207,12,7,0,70,12,,丁組,15,X,17,O,19,O,20,X,12,O,,,3
戊Ｂ組戰績表.xlsx,戊Ｂ組,戊Ｂ組,18,17,P302,13,12,0,57,30,,,18,X,16,X,14,X,10,O,19,X,,,1
戊Ｂ組戰績表.xlsx,戊Ｂ組,戊Ｂ組,19,18,P696,16,5,0,69,3,,丁組,17,O,20,O,24,O,25,X,28,O,,,4
戊Ｂ組戰績表.xlsx,戊Ｂ組,戊Ｂ組,20,19,P249,11,9,0,57,26,,,20,X,21,O,16,X,14,X,17,O,,,2
戊Ｂ組戰績表.xlsx,戊Ｂ組,戊Ｂ組,21,20,P715,15,8,0,63,8,,丁組,19,O,18,X,22,O,16,O,24,X,,,3
戊Ｂ組戰績表.xlsx,戊Ｂ組,戊Ｂ組,22,21,P445,7,7,0,44,33,,,22,X,19,X,23,X,空,O,29,X,,,1
戊Ｂ組戰績表.xlsx,戊Ｂ組,戊Ｂ組,23,22,P061,12,10,0,58,23,,,21,O,24,X,20,X,23,O,26,X,,,2
戊Ｂ組戰績表.xlsx,戊Ｂ組,戊Ｂ組,24,23,P154,12,11,0,52,31,,,24,X,26,X,21,O,22,X,31,X,,,1
戊Ｂ組戰績表.xlsx,戊Ｂ組,戊Ｂ組,25,24,P452,12,4,0,73,5,,丁組,23,O,22,O,18,X,27,O,20,O,,,4
戊Ｂ組戰績表.xlsx,戊Ｂ組,戊Ｂ組,26,25,P146,16,0,0,76,1,,丁組,26,O,27,O,33,O,18,O,15,O,,,5
戊Ｂ組戰績表.xlsx,戊Ｂ組,戊Ｂ組,27,26,P237,12,7,0,67,13,,丁組,25,X,23,O,27,X,31,O,22,O,,,3
戊Ｂ組戰績表.xlsx,戊Ｂ組,戊Ｂ組,28,27,P404,18,12,0,64,18,,,28,O,25,X,26,O,24,X,30,X,,,2
戊Ｂ組戰績表.xlsx,戊Ｂ組,戊Ｂ組,29,28,P105,13,6,0,65,11,,丁組,27,X,29,O,31,O,33,O,18,X,,,3
戊Ｂ組戰績表.xlsx,戊Ｂ組,戊Ｂ組,30,29,P665,9,8,0,43,28,,,30,X,28,X,空,O,32,X,21,O,,,2
戊Ｂ組戰績表.xlsx,戊Ｂ組,戊Ｂ組,31,30,P059,11,5,0,67,15,,丁組,29,O,33,X,32,O,1↓,X,27,O,,,3
戊Ｂ組戰績表.xlsx,戊Ｂ組,戊Ｂ組,32,31,P640,9,8,0,49,27,,,32,X,空,O,28,X,26,X,23,O,,,2
戊Ｂ組戰績表.xlsx,戊Ｂ組,戊Ｂ組,33,32,P170,12,8,0,56,24,,,31,O,2↓,X,30,X,29,O,33,X,,,2
戊Ｂ組戰績表.xlsx,戊Ｂ組,戊Ｂ組,34,33,P050,13,8,0,52,9,,丁組,空,O,30,O,25,X,28,X,32,O,,,3
甲Ａ組戰績表.xlsx,甲Ａ組,甲Ａ組,2,1,P149,11,11,0,57,38,,,2,X,3,X,41↑,X,8,O,15,X,,,1
甲Ａ組戰績表.xlsx,甲Ａ組,甲Ａ組,3,2,P457,11,6,0,67,22,,,1,O,4,X,39↑,O,6,X,3,O,,,3
甲Ａ組戰績表.xlsx,甲Ａ組,甲Ａ組,4,3,P066,12,9,0,65,29,,,4,X,1,O,6,X,37↑,O,2,X,,,2
甲Ａ組戰績表.xlsx,甲Ａ組,甲Ａ組,5,4,P717,16,9,0,70,9,,,3,O,2,O,5,X,34↑,X,10,O,,,3
甲Ａ組戰績表.xlsx,甲Ａ組,甲Ａ組,6,5,P518,17,0,0,74,2,加賽,初段,6,O,7,O,4,O,9,O,34,O,,,5
甲Ａ組戰績表.xlsx,甲Ａ組,甲Ａ組,7,6,P233,15,10,0,64,11,,,5,X,8,O,3,O,2,O,27↑,X,,,3
甲Ａ組戰績表.xlsx,甲Ａ組,甲Ａ組,8,7,P202,11,7,0,64,21,,,8,O,5,X,10,X,11,O,31↑,O,,,3
甲Ａ組戰績表.xlsx,甲Ａ組,甲Ａ組,9,8,P602,10,10,0,59,43,,,7,X,6,X,11,X,1,X,33↑,X,,,0
甲Ａ組戰績表.xlsx,甲Ａ組,甲Ａ組,10,9,P370,16,5,0,76,3,,初段,10,O,12,O,13,O,5,X,18,O,,,4
甲Ａ組戰績表.xlsx,甲Ａ組,甲Ａ組,11,10,P362,14,10,0,69,24,,,9,X,11,O,7,O,13,X,4,X,,,2
甲Ａ組戰績表.xlsx,甲Ａ組,甲Ａ組,12,11,P405,11,11,0,56,39,,,12,X,10,X,8,O,7,X,38↑,X,,,1
甲Ａ組戰績表.xlsx,甲Ａ組,甲Ａ組,13,12,P581,12,7,0,66,18,,,11,O,9,X,14,X,15,O,20,O,,,3
甲Ａ組戰績表.xlsx,甲Ａ組,甲Ａ組,14,13,P706,15,8,0,68,12,,,14,O,15,O,9,X,10,O,19,X,,,3
甲Ａ組戰績表.xlsx,甲Ａ組,甲Ａ組,15,14,P150,13,7,0,61,16,,,13,X,16,O,12,O,19,X,21,O,,,3
甲Ａ組戰績表.xlsx,甲Ａ組,甲Ａ組,16,15,P155,12,10,0,61,28,,,16,O,13,X,19,X,12,X,1,O,,,2
甲Ａ組戰績表.xlsx,甲Ａ組,甲Ａ組,17,16,P215,10,9,0,50,40,,,15,X,14,X,17,X,24,O,25,X,,,1
甲Ａ組戰績表.xlsx,甲Ａ組,甲Ａ組,18,17,P124,9,7,0,68,35,,,18,X,20,X,16,O,21,X,28,O,,,2
甲Ａ組戰績表.xlsx,甲Ａ組,甲Ａ組,19,18,P638,18,9,0,65,8,,,17,O,19,O,22,O,27,X,9,X,,,3
甲Ａ組戰績表.xlsx,甲Ａ組,甲Ａ組,20,19,P369,13,3,0,72,6,,初段,20,O,18,X,15,O,14,O,13,O,,,4
甲Ａ組戰績表.xlsx,甲Ａ組,甲Ａ組,21,20,P297,14,10,0,58,25,,,19,X,17,O,21,O,22,X,12,X,,,2
甲Ａ組戰績表.xlsx,甲Ａ組,甲Ａ組,22,21,P348,11,8,0,56,33,,,22,X,24,O,20,X,17,O,14,X,,,2
甲Ａ組戰績表.xlsx,甲Ａ組,甲Ａ組,23,22,P167,13,7,0,68,15,,,21,O,23,O,18,X,20,O,41,X,,,3
甲Ａ組戰績表.xlsx,甲Ａ組,甲Ａ組,24,23,P425,13,10,0,60,26,,,24,O,22,X,26,X,25,O,30,X,,,2
甲Ａ組戰績表.xlsx,甲Ａ組,甲Ａ組,25,24,P336,7,7,0,43,42,,,23,X,21,X,25,X,16,X,空,O,,,1
甲Ａ組戰績表.xlsx,甲Ａ組,甲Ａ組,26,25,P702,9,7,0,60,36,,,26,X,28,X,24,O,23,X,16,O,,,2
甲Ａ組戰績表.xlsx,甲Ａ組,甲Ａ組,27,26,P423,15,5,0,66,5,,初段,25,O,27,X,23,O,30,O,42,O,,,4
甲Ａ組戰績表.xlsx,甲Ａ組,甲Ａ組,28,27,P209,14,0,0,79,1,加賽,初段,28,O,26,O,30,O,18,O,6↓,O,,,5
甲Ａ組戰績表.xlsx,甲Ａ組,甲Ａ組,29,28,P504,15,13,0,56,37,,,27,X,25,O,31,X,32,X,17,X,,,1
甲Ａ組戰績表.xlsx,甲Ａ組,甲Ａ組,30,29,P034,9,8,0,48,34,,,30,X,31,X,33,X,空,O,40,O,,,2
甲Ａ組戰績表.xlsx,甲Ａ組,甲Ａ組,31,30,P721,16,9,0,63,10,,,29,O,32,O,27,X,26,X,23,O,,,3
甲Ａ組戰績表.xlsx,甲Ａ組,甲Ａ組,32,31,P460,12,6,0,61,20,,,32,X,29,O,28,O,35,O,7↓,X,,,3
甲Ａ組戰績表.xlsx,甲Ａ組,甲Ａ組,33,32,P389,12,6,1,68,19,,,31,O,30,X,35,X,28,O,36,O,,,3
甲Ａ組戰績表.xlsx,甲Ａ組,甲Ａ組,34,33,P292,11,9,0,55,31,,,34,X,36,X,29,O,38,X,8↓,O,,,2
甲Ａ組戰績表.xlsx,甲Ａ組,甲Ａ組,35,34,P248,16,5,0,71,4,,初段,33,O,35,O,43,O,4↓,O,5,X,,,4
甲Ａ組戰績表.xlsx,甲Ａ組,甲Ａ組,36,35,P088,14,7,0,63,14,,,36,O,34,X,32,O,31,X,37,O,,,3
甲Ａ組戰績表.xlsx,甲Ａ組,甲Ａ組,37,36,P211,11,8,0,58,32,,,35,X,33,O,37,X,40,O,32,X,,,2
甲Ａ組戰績表.xlsx,甲Ａ組,甲Ａ組,38,37,P378,12,7,0,59,30,,,38,O,39,X,36,O,3↓,X,35,X,,,2
甲Ａ組戰績表.xlsx,甲Ａ組,甲Ａ組,39,38,P068,9,5,0,57,23,,,37,X,40,O,42,X,33,O,11↓,O,,,3
甲Ａ組戰績表.xlsx,甲Ａ組,甲Ａ組,40,39,P119,13,10,0,57,27,,,40,O,37,O,2↓,X,41,X,43,X,,,2
甲Ａ組戰績表.xlsx,甲Ａ組,甲Ａ組,41,40,P143,9,9,0,42,41,,,39,X,38,X,空,O,36,X,29,X,,,1
甲Ａ組戰績表.xlsx,甲Ａ組,甲Ａ組,42,41,P187,12,3,0,64,7,,初段,42,O,43,X,1↓,O,39,O,22,O,,,4
甲Ａ組戰績表.xlsx,甲Ａ組,甲Ａ組,43,42,P005,14,8,0,49,13,,,41,X,空,O,38,O,43,O,26,X,,,3
甲Ａ組戰績表.xlsx,甲Ａ組,甲Ａ組,44,43,P314,13,7,0,55,17,,,空,O,41,O,34,X,42,X,39,O,,,3
甲Ｂ組戰績表.xlsx,甲Ｂ組,甲Ｂ組,2,1,P260,11,9,0,58,30,,,2,X,39↑,X,8,X,25,O,5,O,,,2
甲Ｂ組戰績表.xlsx,甲Ｂ組,甲Ｂ組,3,2,P398,14,4,0,73,4,,初段,1,O,3,X,38↑,O,7,O,4,O,,,4
甲Ｂ組戰績表.xlsx,甲Ｂ組,甲Ｂ組,4,3,P401,17,5,0,75,2,,初段,4,O,2,O,7,O,13,O,30,X,,,4
甲Ｂ組戰績表.xlsx,甲Ｂ組,甲Ｂ組,5,4,P100,14,8,0,65,12,,,3,X,5,O,6,O,36↑,O,2,X,,,3
甲Ｂ組戰績表.xlsx,甲Ｂ組,甲Ｂ組,6,5,P579,10,9,0,60,40,,,6,X,4,X,35↑,O,8,X,1,X,,,1
甲Ｂ組戰績表.xlsx,甲Ｂ組,甲Ｂ組,7,6,P590,12,11,0,63,36,,,5,O,7,X,4,X,33↑,X,17,X,,,1
甲Ｂ組戰績表.xlsx,甲Ｂ組,甲Ｂ組,8,7,P666,15,11,0,67,23,,,8,O,6,O,3,X,2,X,9,X,,,2
甲Ｂ組戰績表.xlsx,甲Ｂ組,甲Ｂ組,9,8,P720,10,5,0,64,19,,,7,X,9,X,1,O,5,O,15,O,,,3
甲Ｂ組戰績表.xlsx,甲Ｂ組,甲Ｂ組,10,9,P133,14,7,0,63,14,,,10,X,8,O,11,O,14,X,7,O,,,3
甲Ｂ組戰績表.xlsx,甲Ｂ組,甲Ｂ組,11,10,P510,15,7,0,65,11,,,9,O,11,O,13,X,18,O,14,X,,,3
甲Ｂ組戰績表.xlsx,甲Ｂ組,甲Ｂ組,12,11,P044,11,8,0,65,31,,,12,O,10,X,9,X,15,X,32↑,O,,,2
甲Ｂ組戰績表.xlsx,甲Ｂ組,甲Ｂ組,13,12,P181,11,11,0,48,37,,,11,X,14,X,16,X,34↑,X,空,O,,,1
甲Ｂ組戰績表.xlsx,甲Ｂ組,甲Ｂ組,14,13,P584,17,8,0,72,9,,,14,O,15,O,10,O,3,X,19,X,,,3
甲Ｂ組戰績表.xlsx,甲Ｂ組,甲Ｂ組,15,14,P651,12,3,0,71,6,,初段,13,X,12,O,15,O,9,O,10,O,,,4
甲Ｂ組戰績表.xlsx,甲Ｂ組,甲Ｂ組,16,15,P254,14,10,0,61,25,,,16,O,13,X,14,X,11,O,8,X,,,2
甲Ｂ組戰績表.xlsx,甲Ｂ組,甲Ｂ組,17,16,P690,11,8,0,64,32,,,15,X,18,X,12,O,17,O,21,X,,,2
甲Ｂ組戰績表.xlsx,甲Ｂ組,甲Ｂ組,18,17,P164,14,10,0,65,24,,,18,O,20,X,19,X,16,X,6,O,,,2
甲Ｂ組戰績表.xlsx,甲Ｂ組,甲Ｂ組,19,18,P450,11,5,0,63,18,,,17,X,16,O,23,O,10,X,24,O,,,3
甲Ｂ組戰績表.xlsx,甲Ｂ組,甲Ｂ組,20,19,P298,14,4,0,73,4,,初段,20,X,22,O,17,O,21,O,13,O,,,4
甲Ｂ組戰績表.xlsx,甲Ｂ組,甲Ｂ組,21,20,P096,17,5,0,70,3,,初段,19,O,17,O,21,O,30,X,26,O,,,4
甲Ｂ組戰績表.xlsx,甲Ｂ組,甲Ｂ組,22,21,P586,14,8,0,65,12,,,22,O,24,O,20,X,19,X,16,O,,,3
甲Ｂ組戰績表.xlsx,甲Ｂ組,甲Ｂ組,23,22,P600,11,9,0,60,29,,,21,X,19,X,25,O,23,X,31,O,,,2
甲Ｂ組戰績表.xlsx,甲Ｂ組,甲Ｂ組,24,23,P629,11,8,0,51,33,,,24,X,25,O,18,X,22,O,28,X,,,2
甲Ｂ組戰績表.xlsx,甲Ｂ組,甲Ｂ組,25,24,P009,12,9,0,60,27,,,23,O,21,X,27,O,26,X,18,X,,,2
甲Ｂ組戰績表.xlsx,甲Ｂ組,甲Ｂ組,26,25,P191,10,9,0,57,41,,,26,X,23,X,22,X,1,X,27↑,O,,,1
甲Ｂ組戰績表.xlsx,甲Ｂ組,甲Ｂ組,27,26,P132,13,9,0,65,16,,,25,O,27,O,30,X,24,O,20,X,,,3
甲Ｂ組戰績表.xlsx,甲Ｂ組,甲Ｂ組,28,27,P393,11,8,0,53,39,,,28,O,26,X,24,X,32,X,25↓,X,,,1
甲Ｂ組戰績表.xlsx,甲Ｂ組,甲Ｂ組,29,28,P259,7,3,0,62,21,,,27,X,29,X,31,O,35,O,23,O,,,3
甲Ｂ組戰績表.xlsx,甲Ｂ組,甲Ｂ組,30,29,P718,16,11,0,63,22,,,30,X,28,O,32,O,38,X,34,X,,,2
甲Ｂ組戰績表.xlsx,甲Ｂ組,甲Ｂ組,31,30,P316,15,0,0,74,1,,初段,29,O,32,O,26,O,20,O,3,O,,,5
甲Ｂ組戰績表.xlsx,甲Ｂ組,甲Ｂ組,32,31,P232,11,11,0,39,38,,,32,X,33,X,28,X,空,O,22,X,,,1
甲Ｂ組戰績表.xlsx,甲Ｂ組,甲Ｂ組,33,32,P025,11,9,0,64,28,,,31,O,30,X,29,X,27,O,11↓,X,,,2
甲Ｂ組戰績表.xlsx,甲Ｂ組,甲Ｂ組,34,33,P371,10,3,0,63,8,,初段,34,X,31,O,40,O,6↓,O,38,O,,,4
甲Ｂ組戰績表.xlsx,甲Ｂ組,甲Ｂ組,35,34,P662,14,7,0,61,15,,,33,O,36,X,41,X,12↓,O,29,O,,,3
甲Ｂ組戰績表.xlsx,甲Ｂ組,甲Ｂ組,36,35,P456,13,10,0,47,35,,,36,X,37,O,5↓,X,28,X,40,X,,,1
甲Ｂ組戰績表.xlsx,甲Ｂ組,甲Ｂ組,37,36,P570,12,3,0,67,7,,初段,35,O,34,O,39,O,4↓,X,41,O,,,4
甲Ｂ組戰績表.xlsx,甲Ｂ組,甲Ｂ組,38,37,P484,8,4,0,53,20,,,38,X,35,X,空,O,40,O,39,O,,,3
甲Ｂ組戰績表.xlsx,甲Ｂ組,甲Ｂ組,39,38,P377,16,8,0,60,10,,,37,O,41,O,2↓,X,29,O,33,X,,,3
甲Ｂ組戰績表.xlsx,甲Ｂ組,甲Ｂ組,40,39,P475,14,10,0,53,26,,,40,O,1↓,O,36,X,41,X,37,X,,,2
甲Ｂ組戰績表.xlsx,甲Ｂ組,甲Ｂ組,41,40,P094,10,9,0,45,34,,,39,X,空,O,33,X,37,X,35,O,,,2
甲Ｂ組戰績表.xlsx,甲Ｂ組,甲Ｂ組,42,41,P011,12,7,0,56,17,,,空,O,38,X,34,O,39,O,36,X,,,3
長青Ａ組戰績表.xlsx,長青Ａ組,長青Ａ組,2,1,P541,5,3,0,13,4,,,2,O,3,O,6,X,,,,,,,2
長青Ａ組戰績表.xlsx,長青Ａ組,長青Ａ組,3,2,P545,4,4,0,13,10,,,1,X,14↑,X,4,O,,,,,,,1
長青Ａ組戰績表.xlsx,長青Ａ組,長青Ａ組,4,3,P026,4,4,0,13,10,,,4,O,1,X,5,X,,,,,,,1
長青Ａ組戰績表.xlsx,長青Ａ組,長青Ａ組,5,4,P273,4,4,0,12,13,,,3,X,5,X,2,X,,,,,,,0
長青Ａ組戰績表.xlsx,長青Ａ組,長青Ａ組,6,5,P269,4,3,0,13,5,,,6,X,4,O,3,O,,,,,,,2
長青Ａ組戰績表.xlsx,長青Ａ組,長青Ａ組,7,6,P685,5,0,0,15,1,,,5,O,7,O,1,O,,,,,,,3
長青Ａ組戰績表.xlsx,長青Ａ組,長青Ａ組,8,7,P508,6,5,0,14,8,,,8,O,6,X,9,X,,,,,,,1
長青Ａ組戰績表.xlsx,長青Ａ組,長青Ａ組,9,8,P620,3,3,0,14,12,,,7,X,10,X,13,O,,,,,,,1
長青Ａ組戰績表.xlsx,長青Ａ組,長青Ａ組,10,9,P027,6,3,0,15,3,,,10,O,11,X,7,O,,,,,,,2
長青Ａ組戰績表.xlsx,長青Ａ組,長青Ａ組,11,10,P038,4,2,0,14,7,,,9,X,8,O,12,O,,,,,,,2
長青Ａ組戰績表.xlsx,長青Ａ組,長青Ａ組,12,11,P447,5,0,0,15,1,,,12,O,9,O,14,O,,,,,,,3
長青Ａ組戰績表.xlsx,長青Ａ組,長青Ａ組,13,12,P176,5,5,0,13,9,,,11,X,13,O,10,X,,,,,,,1
長青Ａ組戰績表.xlsx,長青Ａ組,長青Ａ組,14,13,P461,4,4,0,12,13,,,14,X,12,X,8,X,,,,,,,0
長青Ａ組戰績表.xlsx,長青Ａ組,長青Ａ組,15,14,P386,4,3,0,13,5,,,13,O,2↓,O,11,X,,,,,,,2
長青Ｂ組戰績表.xlsx,長青Ｂ組,長青Ｂ組,2,1,P286,6,6,0,11,10,,,2,O,3,X,16↑,X,,,,,,,1
長青Ｂ組戰績表.xlsx,長青Ｂ組,長青Ｂ組,3,2,P022,5,5,0,14,17,,,1,X,17↑,X,7,X,,,,,,,0
長青Ｂ組戰績表.xlsx,長青Ｂ組,長青Ｂ組,4,3,P235,4,0,0,17,1,,,4,O,1,O,8,O,,,,,,,3
長青Ｂ組戰績表.xlsx,長青Ｂ組,長青Ｂ組,5,4,P594,5,5,0,12,12,,,3,X,6,O,5,X,,,,,,,1
長青Ｂ組戰績表.xlsx,長青Ｂ組,長青Ｂ組,6,5,P365,3,2,0,16,9,,,6,O,8,X,4,O,,,,,,,2
長青Ｂ組戰績表.xlsx,長青Ｂ組,長青Ｂ組,7,6,P604,5,5,0,11,18,,,5,X,4,X,18↑,X,,,,,,,0
長青Ｂ組戰績表.xlsx,長青Ｂ組,長青Ｂ組,8,7,P693,4,4,0,15,13,,,8,X,9,X,2,O,,,,,,,1
長青Ｂ組戰績表.xlsx,長青Ｂ組,長青Ｂ組,9,8,P575,6,3,0,11,5,,,7,O,5,O,3,X,,,,,,,2
長青Ｂ組戰績表.xlsx,長青Ｂ組,長青Ｂ組,10,9,P227,4,2,0,13,7,,,10,X,7,O,13,O,,,,,,,2
長青Ｂ組戰績表.xlsx,長青Ｂ組,長青Ｂ組,11,10,P454,5,2,0,16,6,,,9,O,12,X,14,O,,,,,,,2
長青Ｂ組戰績表.xlsx,長青Ｂ組,長青Ｂ組,12,11,P121,3,3,0,16,15,,,12,X,13,X,15,O,,,,,,,1
長青Ｂ組戰績表.xlsx,長青Ｂ組,長青Ｂ組,13,12,P383,6,3,0,12,4,,,11,O,10,O,17,X,,,,,,,2
長青Ｂ組戰績表.xlsx,長青Ｂ組,長青Ｂ組,14,13,P471,4,3,0,13,14,,,14,X,11,O,9,X,,,,,,,1
長青Ｂ組戰績表.xlsx,長青Ｂ組,長青Ｂ組,15,14,P099,6,5,0,11,11,,,13,O,16,X,10,X,,,,,,,1
長青Ｂ組戰績表.xlsx,長青Ｂ組,長青Ｂ組,16,15,P168,6,6,0,8,16,,,16,X,18,X,11,X,,,,,,,0
長青Ｂ組戰績表.xlsx,長青Ｂ組,長青Ｂ組,17,16,P550,2,0,0,18,3,,,15,O,14,O,1↓,O,,,,,,,3
長青Ｂ組戰績表.xlsx,長青Ｂ組,長青Ｂ組,18,17,P013,4,0,0,14,2,,,18,O,2↓,O,12,O,,,,,,,3
長青Ｂ組戰績表.xlsx,長青Ｂ組,長青Ｂ組,19,18,P394,3,3,0,15,8,,,17,X,15,O,6↓,O,,,,,,,2
